GyroFB,GyroRL,AccelFB,AccelRL,L_FSR_X,L_FSR_Y,R_FSR_X,R_FSR_Y,
0,0,0,0,0,0,0,0,
492,514,500,521,0,0,0,0,
492,514,501,522,0,0,0,0,
494,514,502,522,0,0,0,0,
494,514,500,520,0,0,0,0,
492,514,499,523,0,0,0,0,
492,514,501,520,0,0,0,0,
491,514,497,523,0,0,0,0,
492,514,501,521,0,0,0,0,
494,514,500,521,0,0,0,0,
492,513,499,522,0,0,0,0,
494,514,498,522,0,0,0,0,
492,514,501,523,0,0,0,0,
492,514,500,523,0,0,0,0,
492,514,498,523,0,0,0,0,
492,514,499,521,0,0,0,0,
492,514,501,521,0,0,0,0,
491,513,501,524,0,0,0,0,
492,514,499,520,0,0,0,0,
491,514,498,520,0,0,0,0,
492,514,499,521,0,0,0,0,
492,513,500,523,0,0,0,0,
492,514,499,522,0,0,0,0,
494,514,499,521,0,0,0,0,
491,514,500,521,0,0,0,0,
491,514,500,522,0,0,0,0,
492,513,499,521,0,0,0,0,
492,514,499,520,0,0,0,0,
494,514,498,520,0,0,0,0,
492,514,500,522,0,0,0,0,
492,513,501,522,0,0,0,0,
492,514,499,521,0,0,0,0,
492,514,500,522,0,0,0,0,
492,514,499,521,0,0,0,0,
491,513,500,521,0,0,0,0,
492,514,502,521,0,0,0,0,
491,514,499,521,0,0,0,0,
494,513,500,523,0,0,0,0,
492,514,499,520,0,0,0,0,
492,514,500,521,0,0,0,0,
492,514,499,521,0,0,0,0,
492,514,500,521,0,0,0,0,
492,514,499,522,0,0,0,0,
492,514,501,521,0,0,0,0,
492,514,502,520,0,0,0,0,
494,513,498,524,0,0,0,0,
492,514,500,524,0,0,0,0,
492,514,501,523,0,0,0,0,
492,514,499,522,0,0,0,0,
492,514,502,520,0,0,0,0,
494,514,498,523,0,0,0,0,
492,513,500,523,0,0,0,0,
494,514,500,521,0,0,0,0,
492,514,499,522,0,0,0,0,
492,513,499,519,0,0,0,0,
492,514,500,521,0,0,0,0,
492,514,499,521,0,0,0,0,
492,514,498,521,0,0,0,0,
492,514,499,521,0,0,0,0,
492,514,500,520,0,0,0,0,
492,513,500,520,0,0,0,0,
494,514,498,522,0,0,0,0,
492,514,501,519,0,0,0,0,
491,514,498,523,0,0,0,0,
492,514,499,523,0,0,0,0,
491,514,499,521,0,0,0,0,
494,514,500,521,0,0,0,0,
492,514,500,520,0,0,0,0,
494,514,500,521,0,0,0,0,
494,514,501,522,0,0,0,0,
492,514,500,521,0,0,0,0,
492,514,498,521,0,0,0,0,
492,514,501,523,0,0,0,0,
492,514,500,521,0,0,0,0,
492,514,499,520,0,0,0,0,
492,514,503,523,0,0,0,0,
492,513,499,522,0,0,0,0,
492,514,502,521,0,0,0,0,
492,514,500,523,0,0,0,0,
492,513,500,519,0,0,0,0,
492,514,499,523,0,0,0,0,
492,514,500,523,0,0,0,0,
494,514,500,523,0,0,0,0,
492,514,500,524,0,0,0,0,
492,514,501,522,0,0,0,0,
492,514,501,522,0,0,0,0,
494,514,502,521,0,0,0,0,
492,514,501,522,0,0,0,0,
492,514,502,521,0,0,0,0,
492,514,499,521,0,0,0,0,
492,513,499,521,0,0,0,0,
492,514,500,521,0,0,0,0,
494,514,500,520,0,0,0,0,
494,514,500,518,0,0,0,0,
492,514,502,521,0,0,0,0,
492,514,500,523,0,0,0,0,
492,514,498,522,0,0,0,0,
492,514,500,521,0,0,0,0,
494,514,500,521,0,0,0,0,
492,514,499,520,0,0,0,0,
492,514,501,521,0,0,0,0,
492,514,499,522,0,0,0,0,
492,514,500,521,0,0,0,0,
492,514,499,522,0,0,0,0,
492,514,500,521,0,0,0,0,
492,513,500,521,0,0,0,0,
494,514,500,521,0,0,0,0,
492,514,500,522,0,0,0,0,
492,514,497,521,0,0,0,0,
492,514,498,523,0,0,0,0,
492,514,501,524,0,0,0,0,
492,514,501,523,0,0,0,0,
494,514,500,522,0,0,0,0,
494,514,500,523,0,0,0,0,
491,514,499,521,0,0,0,0,
492,514,501,521,0,0,0,0,
492,513,499,521,0,0,0,0,
492,514,501,522,0,0,0,0,
492,514,499,524,0,0,0,0,
492,514,499,523,0,0,0,0,
492,514,500,523,0,0,0,0,
492,514,500,521,0,0,0,0,
492,514,498,522,0,0,0,0,
492,514,500,519,0,0,0,0,
492,514,500,523,0,0,0,0,
491,514,500,521,0,0,0,0,
491,514,499,521,0,0,0,0,
494,514,500,523,0,0,0,0,
492,514,500,522,0,0,0,0,
492,514,499,521,0,0,0,0,
492,514,501,523,0,0,0,0,
492,514,501,526,0,0,0,0,
492,514,501,524,0,0,0,0,
494,514,499,525,0,0,0,0,
492,514,500,523,0,0,0,0,
492,514,500,522,0,0,0,0,
492,514,500,521,0,0,0,0,
494,514,501,524,0,0,0,0,
492,514,498,522,0,0,0,0,
494,513,501,521,0,0,0,0,
491,514,500,521,0,0,0,0,
492,514,499,524,0,0,0,0,
492,513,499,521,0,0,0,0,
492,513,499,522,0,0,0,0,
492,514,500,524,0,0,0,0,
494,514,499,521,0,0,0,0,
491,514,500,522,0,0,0,0,
494,514,502,521,0,0,0,0,
492,514,498,520,0,0,0,0,
494,514,499,522,0,0,0,0,
494,514,501,521,0,0,0,0,
491,514,496,521,0,0,0,0,
492,514,499,521,0,0,0,0,
492,514,499,525,0,0,0,0,
492,514,500,521,0,0,0,0,
492,514,498,522,0,0,0,0,
492,514,499,520,0,0,0,0,
492,514,500,521,0,0,0,0,
494,514,499,522,0,0,0,0,
491,514,500,521,0,0,0,0,
492,514,500,520,0,0,0,0,
492,514,499,520,0,0,0,0,
492,514,499,521,0,0,0,0,
492,514,497,518,0,0,0,0,
492,514,502,523,0,0,0,0,
492,513,499,521,0,0,0,0,
492,514,498,522,0,0,0,0,
492,514,501,521,0,0,0,0,
492,514,500,519,0,0,0,0,
494,514,499,524,0,0,0,0,
492,514,499,520,0,0,0,0,
494,514,498,523,0,0,0,0,
494,514,501,522,0,0,0,0,
492,513,500,521,0,0,0,0,
492,514,501,521,0,0,0,0,
492,514,501,523,0,0,0,0,
491,514,499,521,0,0,0,0,
494,514,500,523,0,0,0,0,
492,514,499,522,0,0,0,0,
492,514,501,523,0,0,0,0,
492,514,500,521,0,0,0,0,
492,513,500,520,0,0,0,0,
492,514,499,523,0,0,0,0,
492,514,501,523,0,0,0,0,
492,514,499,520,0,0,0,0,
492,513,502,523,0,0,0,0,
492,514,502,523,0,0,0,0,
492,514,500,522,0,0,0,0,
492,514,502,523,0,0,0,0,
492,514,499,522,0,0,0,0,
492,514,500,521,0,0,0,0,
492,514,502,521,0,0,0,0,
492,514,500,523,0,0,0,0,
494,514,500,524,0,0,0,0,
492,514,499,519,0,0,0,0,
492,514,499,520,0,0,0,0,
492,513,501,520,0,0,0,0,
494,514,502,523,0,0,0,0,
492,513,498,521,0,0,0,0,
492,513,499,520,0,0,0,0,
491,514,500,520,0,0,0,0,
492,513,500,521,0,0,0,0,
492,514,500,522,0,0,0,0,
492,514,499,522,0,0,0,0,
494,514,500,523,0,0,0,0,
491,514,500,520,0,0,0,0,
492,514,499,521,0,0,0,0,
494,513,501,523,0,0,0,0,
492,514,501,521,0,0,0,0,
492,513,500,522,0,0,0,0,
492,514,499,519,0,0,0,0,
492,514,500,519,0,0,0,0,
492,514,500,519,0,0,0,0,
492,514,500,521,0,0,0,0,
492,514,501,524,0,0,0,0,
492,514,500,522,0,0,0,0,
492,514,500,520,0,0,0,0,
492,514,500,523,0,0,0,0,
492,514,500,520,0,0,0,0,
494,514,500,522,0,0,0,0,
492,514,499,522,0,0,0,0,
492,514,498,521,0,0,0,0,
492,514,502,523,0,0,0,0,
494,514,501,521,0,0,0,0,
492,514,499,520,0,0,0,0,
491,514,501,521,0,0,0,0,
492,513,500,521,0,0,0,0,
494,514,499,518,0,0,0,0,
492,514,500,522,0,0,0,0,
492,514,499,521,0,0,0,0,
492,514,500,520,0,0,0,0,
492,514,501,522,0,0,0,0,
492,514,500,521,0,0,0,0,
492,514,502,523,0,0,0,0,
492,513,502,519,0,0,0,0,
492,514,499,522,0,0,0,0,
492,513,498,521,0,0,0,0,
492,514,500,520,0,0,0,0,
492,514,501,522,0,0,0,0,
492,514,500,519,0,0,0,0,
494,514,501,521,0,0,0,0,
491,514,501,522,0,0,0,0,
494,514,501,521,0,0,0,0,
492,514,499,521,0,0,0,0,
492,514,500,522,0,0,0,0,
492,514,500,522,0,0,0,0,
492,514,500,522,0,0,0,0,
492,514,499,522,0,0,0,0,
494,514,500,521,0,0,0,0,
492,514,500,521,0,0,0,0,
492,514,500,522,0,0,0,0,
492,514,501,521,0,0,0,0,
497,513,501,521,0,0,0,0,
492,514,500,518,0,0,0,0,
492,514,501,521,0,0,0,0,
492,514,498,521,0,0,0,0,
492,514,500,520,0,0,0,0,
491,514,501,521,0,0,0,0,
492,514,500,520,0,0,0,0,
492,514,501,523,0,0,0,0,
492,514,500,522,0,0,0,0,
492,514,499,520,0,0,0,0,
491,514,502,521,0,0,0,0,
492,514,500,521,0,0,0,0,
492,514,498,521,0,0,0,0,
492,514,499,520,0,0,0,0,
494,514,499,522,0,0,0,0,
492,513,502,522,0,0,0,0,
492,514,499,521,0,0,0,0,
491,514,502,521,0,0,0,0,
492,514,499,521,0,0,0,0,
492,514,498,522,0,0,0,0,
492,513,500,524,0,0,0,0,
492,514,500,523,0,0,0,0,
491,514,502,522,0,0,0,0,
492,514,500,521,0,0,0,0,
492,514,502,523,0,0,0,0,
491,514,500,522,0,0,0,0,
492,514,499,521,0,0,0,0,
492,514,502,523,0,0,0,0,
492,514,501,522,0,0,0,0,
492,514,500,520,0,0,0,0,
494,514,501,521,0,0,0,0,
492,513,500,522,0,0,0,0,
492,514,498,520,0,0,0,0,
491,514,501,522,0,0,0,0,
492,514,500,520,0,0,0,0,
494,514,499,521,0,0,0,0,
491,514,499,519,0,0,0,0,
492,514,500,521,0,0,0,0,
492,514,501,523,0,0,0,0,
492,514,499,521,0,0,0,0,
492,514,499,523,0,0,0,0,
492,514,498,521,0,0,0,0,
492,514,500,524,0,0,0,0,
492,514,500,520,0,0,0,0,
494,514,502,521,0,0,0,0,
492,514,499,520,0,0,0,0,
492,513,499,523,0,0,0,0,
492,513,499,521,0,0,0,0,
494,514,501,523,0,0,0,0,
492,514,502,523,0,0,0,0,
492,513,501,520,0,0,0,0,
492,514,499,522,0,0,0,0,
492,514,500,520,0,0,0,0,
494,514,499,521,0,0,0,0,
491,514,500,524,0,0,0,0,
492,514,499,522,0,0,0,0,
492,514,499,521,0,0,0,0,
494,514,500,522,0,0,0,0,
492,514,499,521,0,0,0,0,
491,513,498,524,0,0,0,0,
492,514,501,521,0,0,0,0,
492,515,500,521,0,0,0,0,
491,514,501,522,0,0,0,0,
491,514,500,521,0,0,0,0,
492,514,501,522,0,0,0,0,
491,514,501,520,0,0,0,0,
492,514,499,520,0,0,0,0,
494,514,499,522,0,0,0,0,
494,514,499,521,0,0,0,0,
494,514,500,523,0,0,0,0,
491,514,500,522,0,0,0,0,
494,514,499,521,0,0,0,0,
492,514,499,523,0,0,0,0,
492,514,501,520,0,0,0,0,
494,514,499,522,0,0,0,0,
492,513,499,521,0,0,0,0,
494,514,502,520,0,0,0,0,
492,514,501,523,0,0,0,0,
492,513,501,523,0,0,0,0,
492,514,499,522,0,0,0,0,
492,514,499,521,0,0,0,0,
494,514,500,520,0,0,0,0,
494,514,501,521,0,0,0,0,
492,514,499,522,0,0,0,0,
494,514,498,523,0,0,0,0,
492,514,498,521,0,0,0,0,
492,514,500,517,0,0,0,0,
492,514,501,520,0,0,0,0,
492,514,501,521,0,0,0,0,
492,514,500,522,0,0,0,0,
491,514,500,523,0,0,0,0,
492,513,501,522,0,0,0,0,
492,514,501,520,0,0,0,0,
492,514,502,521,0,0,0,0,
491,513,500,520,0,0,0,0,
494,514,501,522,0,0,0,0,
491,514,500,523,0,0,0,0,
494,514,500,518,0,0,0,0,
492,513,499,523,0,0,0,0,
492,514,500,521,0,0,0,0,
492,514,500,520,0,0,0,0,
491,514,501,521,0,0,0,0,
492,514,501,521,0,0,0,0,
491,514,500,521,0,0,0,0,
492,514,501,521,0,0,0,0,
492,514,501,524,0,0,0,0,
492,514,498,520,0,0,0,0,
492,514,501,522,0,0,0,0,
494,514,500,522,0,0,0,0,
494,514,501,521,0,0,0,0,
492,514,500,521,0,0,0,0,
494,514,502,521,0,0,0,0,
492,514,499,522,0,0,0,0,
492,514,499,522,0,0,0,0,
492,513,500,522,0,0,0,0,
492,514,499,522,0,0,0,0,
492,514,499,522,0,0,0,0,
492,514,501,521,0,0,0,0,
492,514,500,522,0,0,0,0,
491,514,502,520,0,0,0,0,
492,514,499,521,0,0,0,0,
492,514,501,521,0,0,0,0,
494,514,500,521,0,0,0,0,
494,514,499,522,0,0,0,0,
491,513,500,521,0,0,0,0,
495,514,501,522,0,0,0,0,
494,514,502,521,0,0,0,0,
491,515,501,521,0,0,0,0,
492,514,500,521,0,0,0,0,
492,513,499,520,0,0,0,0,
492,514,500,521,0,0,0,0,
494,513,500,521,0,0,0,0,
491,514,501,521,0,0,0,0,
492,514,501,522,0,0,0,0,
492,514,500,523,0,0,0,0,
492,514,500,523,0,0,0,0,
492,513,500,523,0,0,0,0,
492,514,501,521,0,0,0,0,
491,514,500,519,0,0,0,0,
494,514,500,522,0,0,0,0,
492,514,500,522,0,0,0,0,
492,514,498,520,0,0,0,0,
492,514,499,522,0,0,0,0,
492,514,500,522,0,0,0,0,
492,514,501,522,0,0,0,0,
492,514,500,523,0,0,0,0,
492,514,500,522,0,0,0,0,
492,513,499,523,0,0,0,0,
492,514,500,521,0,0,0,0,
492,514,499,525,0,0,0,0,
492,514,500,522,0,0,0,0,
492,514,501,522,0,0,0,0,
492,514,500,521,0,0,0,0,
492,514,501,523,0,0,0,0,
492,514,501,521,0,0,0,0,
492,514,500,521,0,0,0,0,
492,514,500,523,0,0,0,0,
492,514,499,522,0,0,0,0,
491,514,499,521,0,0,0,0,
492,513,501,524,0,0,0,0,
494,514,501,521,0,0,0,0,
492,514,499,521,0,0,0,0,
492,514,500,522,0,0,0,0,
494,514,499,520,0,0,0,0,
492,514,499,521,0,0,0,0,
492,514,500,521,0,0,0,0,
492,514,498,521,0,0,0,0,
494,514,502,520,0,0,0,0,
492,513,500,522,0,0,0,0,
492,514,500,522,0,0,0,0,
492,514,501,523,0,0,0,0,
492,514,501,521,0,0,0,0,
494,514,502,522,0,0,0,0,
492,514,501,522,0,0,0,0,
492,514,503,520,0,0,0,0,
492,514,497,520,0,0,0,0,
492,513,499,521,0,0,0,0,
494,514,501,523,0,0,0,0,
492,514,500,521,0,0,0,0,
492,514,499,522,0,0,0,0,
492,514,500,523,0,0,0,0,
492,514,500,524,0,0,0,0,
491,514,500,522,0,0,0,0,
491,514,499,522,0,0,0,0,
494,514,500,520,0,0,0,0,
494,513,501,522,0,0,0,0,
494,514,499,522,0,0,0,0,
492,514,501,521,0,0,0,0,
492,514,500,523,0,0,0,0,
492,514,500,521,0,0,0,0,
494,514,499,523,0,0,0,0,
492,514,501,521,0,0,0,0,
491,514,500,522,0,0,0,0,
492,514,500,523,0,0,0,0,
492,514,501,522,0,0,0,0,
491,514,501,523,0,0,0,0,
492,514,499,520,0,0,0,0,
492,514,500,521,0,0,0,0,
492,514,500,523,0,0,0,0,
494,514,500,522,0,0,0,0,
492,513,501,523,0,0,0,0,
492,514,501,521,0,0,0,0,
494,514,500,520,0,0,0,0,
492,514,500,521,0,0,0,0,
492,514,500,522,0,0,0,0,
492,514,498,520,0,0,0,0,
492,514,500,523,0,0,0,0,
492,514,500,522,0,0,0,0,
492,513,500,521,0,0,0,0,
492,514,501,522,0,0,0,0,
492,514,499,522,0,0,0,0,
492,514,499,523,0,0,0,0,
492,514,504,522,0,0,0,0,
492,514,501,520,0,0,0,0,
494,514,500,521,0,0,0,0,
492,514,499,524,0,0,0,0,
492,514,500,523,0,0,0,0,
492,514,499,521,0,0,0,0,
492,513,500,521,0,0,0,0,
494,513,500,521,0,0,0,0,
492,514,500,521,0,0,0,0,
491,514,501,521,0,0,0,0,
492,513,499,523,0,0,0,0,
492,514,499,522,0,0,0,0,
492,514,499,519,0,0,0,0,
494,514,500,523,0,0,0,0,
492,513,500,522,0,0,0,0,
492,513,500,523,0,0,0,0,
492,514,499,522,0,0,0,0,
492,514,500,522,0,0,0,0,
492,514,501,522,0,0,0,0,
492,514,500,521,0,0,0,0,
494,514,501,523,0,0,0,0,
492,514,500,524,0,0,0,0,
492,514,500,523,0,0,0,0,
492,514,500,521,0,0,0,0,
492,514,500,521,0,0,0,0,
492,514,498,522,0,0,0,0,
492,513,500,523,0,0,0,0,
491,514,500,521,0,0,0,0,
492,514,500,521,0,0,0,0,
492,514,500,522,0,0,0,0,
492,514,499,520,0,0,0,0,
492,514,499,522,0,0,0,0,
491,514,500,520,0,0,0,0,
494,514,499,521,0,0,0,0,
492,514,500,520,0,0,0,0,
492,514,500,521,0,0,0,0,
492,514,500,521,0,0,0,0,
494,514,500,522,0,0,0,0,
492,514,502,520,0,0,0,0,
492,513,500,520,0,0,0,0,
492,514,500,521,0,0,0,0,
492,514,501,523,0,0,0,0,
492,514,500,523,0,0,0,0,
492,514,499,522,0,0,0,0,
494,514,500,521,0,0,0,0,
492,514,501,522,0,0,0,0,
492,514,499,521,0,0,0,0,
491,514,499,522,0,0,0,0,
494,514,500,518,0,0,0,0,
492,514,499,521,0,0,0,0,
492,514,498,522,0,0,0,0,
492,514,499,520,0,0,0,0,
492,514,500,519,0,0,0,0,
492,514,499,523,0,0,0,0,
492,514,500,521,0,0,0,0,
492,514,502,521,0,0,0,0,
492,514,501,519,0,0,0,0,
492,514,499,522,0,0,0,0,
492,514,500,520,0,0,0,0,
492,514,500,522,0,0,0,0,
492,514,498,522,0,0,0,0,
492,514,501,521,0,0,0,0,
492,514,501,519,0,0,0,0,
491,514,501,521,0,0,0,0,
492,514,500,520,0,0,0,0,
494,514,501,522,0,0,0,0,
492,514,500,522,0,0,0,0,
492,514,500,521,0,0,0,0,
492,514,500,524,0,0,0,0,
492,514,499,521,0,0,0,0,
492,514,499,520,0,0,0,0,
494,514,498,521,0,0,0,0,
492,514,500,521,0,0,0,0,
492,514,500,520,0,0,0,0,
494,514,499,524,0,0,0,0,
491,514,500,521,0,0,0,0,
492,514,499,521,0,0,0,0,
492,514,500,521,0,0,0,0,
492,514,500,520,0,0,0,0,
494,514,500,523,0,0,0,0,
491,514,501,522,0,0,0,0,
492,514,500,521,0,0,0,0,
491,514,502,521,0,0,0,0,
492,514,500,519,0,0,0,0,
492,514,499,521,0,0,0,0,
492,514,500,524,0,0,0,0,
492,514,500,522,0,0,0,0,
492,514,501,522,0,0,0,0,
492,514,499,521,0,0,0,0,
494,514,500,523,0,0,0,0,
494,514,501,521,0,0,0,0,
492,514,499,522,0,0,0,0,
494,514,499,523,0,0,0,0,
491,514,500,522,0,0,0,0,
492,514,500,521,0,0,0,0,
492,513,500,521,0,0,0,0,
494,514,501,522,0,0,0,0,
491,514,501,523,0,0,0,0,
494,514,500,523,0,0,0,0,
491,514,499,520,0,0,0,0,
492,514,500,522,0,0,0,0,
492,514,499,522,0,0,0,0,
492,514,500,521,0,0,0,0,
492,514,499,523,0,0,0,0,
492,514,500,519,0,0,0,0,
491,514,501,521,0,0,0,0,
492,514,501,522,0,0,0,0,
492,514,499,521,0,0,0,0,
492,514,501,523,0,0,0,0,
492,514,502,523,0,0,0,0,
492,513,500,523,0,0,0,0,
492,514,499,520,0,0,0,0,
492,514,500,522,0,0,0,0,
492,514,497,522,0,0,0,0,
494,514,499,519,0,0,0,0,
492,514,496,522,0,0,0,0,
492,514,501,521,0,0,0,0,
492,514,500,520,0,0,0,0,
494,514,500,522,0,0,0,0,
492,514,500,520,0,0,0,0,
494,513,500,522,0,0,0,0,
491,514,498,522,0,0,0,0,
492,514,500,521,0,0,0,0,
492,514,501,521,0,0,0,0,
492,514,499,521,0,0,0,0,
492,514,500,520,0,0,0,0,
494,514,501,523,0,0,0,0,
492,514,500,522,0,0,0,0,
492,514,500,521,0,0,0,0,
492,514,501,521,0,0,0,0,
494,514,498,521,0,0,0,0,
492,514,501,521,0,0,0,0,
494,514,501,520,0,0,0,0,
491,514,501,524,0,0,0,0,
492,514,502,523,0,0,0,0,
494,514,499,520,0,0,0,0,
492,514,498,521,0,0,0,0,
492,514,500,523,0,0,0,0,
492,514,498,520,0,0,0,0,
492,514,500,522,0,0,0,0,
492,514,500,523,0,0,0,0,
494,514,499,521,0,0,0,0,
495,514,501,522,0,0,0,0,
491,514,499,519,0,0,0,0,
492,514,501,522,0,0,0,0,
492,514,501,520,0,0,0,0,
492,513,499,522,0,0,0,0,
492,514,500,519,0,0,0,0,
494,514,501,522,0,0,0,0,
494,514,499,520,0,0,0,0,
492,514,501,523,0,0,0,0,
492,514,500,521,0,0,0,0,
492,513,501,521,0,0,0,0,
492,514,500,522,0,0,0,0,
492,514,500,521,0,0,0,0,
492,514,499,523,0,0,0,0,
494,514,500,521,0,0,0,0,
492,513,499,523,0,0,0,0,
494,514,502,521,0,0,0,0,
492,514,500,525,0,0,0,0,
492,514,500,522,0,0,0,0,
492,514,501,521,0,0,0,0,
494,514,501,522,0,0,0,0,
492,514,502,522,0,0,0,0,
494,514,500,522,0,0,0,0,
494,514,499,524,0,0,0,0,
492,514,500,523,0,0,0,0,
492,514,499,523,0,0,0,0,
492,514,501,522,0,0,0,0,
491,514,500,522,0,0,0,0,
491,514,502,521,0,0,0,0,
492,514,499,521,0,0,0,0,
491,513,502,524,0,0,0,0,
491,514,501,521,0,0,0,0,
492,514,499,523,0,0,0,0,
494,514,500,524,0,0,0,0,
492,514,502,523,0,0,0,0,
492,514,497,519,0,0,0,0,
492,513,498,522,0,0,0,0,
492,514,501,520,0,0,0,0,
492,514,498,524,0,0,0,0,
492,514,500,521,0,0,0,0,
492,514,500,522,0,0,0,0,
492,514,500,522,0,0,0,0,
491,514,500,522,0,0,0,0,
492,514,499,522,0,0,0,0,
492,514,502,520,0,0,0,0,
494,514,501,522,0,0,0,0,
492,514,499,523,0,0,0,0,
492,514,501,521,0,0,0,0,
491,514,500,522,0,0,0,0,
494,514,501,522,0,0,0,0,
494,514,502,524,0,0,0,0,
494,514,499,521,0,0,0,0,
492,513,500,520,0,0,0,0,
492,514,500,522,0,0,0,0,
492,514,501,519,0,0,0,0,
491,514,501,521,0,0,0,0,
492,514,502,520,0,0,0,0,
494,514,501,521,0,0,0,0,
494,514,501,522,0,0,0,0,
494,514,500,522,0,0,0,0,
492,514,500,520,0,0,0,0,
492,514,501,520,0,0,0,0,
492,513,499,522,0,0,0,0,
492,514,499,522,0,0,0,0,
492,514,500,522,0,0,0,0,
492,514,500,521,0,0,0,0,
494,514,500,519,0,0,0,0,
492,513,500,519,0,0,0,0,
492,514,498,521,0,0,0,0,
492,514,501,523,0,0,0,0,
492,514,501,522,0,0,0,0,
492,513,502,522,0,0,0,0,
492,514,500,521,0,0,0,0,
492,514,500,521,0,0,0,0,
492,514,500,521,0,0,0,0,
492,514,500,520,0,0,0,0,
492,514,500,520,0,0,0,0,
492,514,500,521,0,0,0,0,
492,514,499,521,0,0,0,0,
492,514,501,522,0,0,0,0,
492,513,502,522,0,0,0,0,
492,514,498,523,0,0,0,0,
492,514,501,522,0,0,0,0,
492,514,499,521,0,0,0,0,
494,514,501,520,0,0,0,0,
492,514,500,523,0,0,0,0,
494,514,502,525,0,0,0,0,
492,513,497,522,0,0,0,0,
492,514,502,523,0,0,0,0,
491,514,500,520,0,0,0,0,
492,513,500,523,0,0,0,0,
492,514,500,522,0,0,0,0,
492,514,498,522,0,0,0,0,
494,514,499,522,0,0,0,0,
492,514,499,521,0,0,0,0,
492,514,500,523,0,0,0,0,
492,514,502,521,0,0,0,0,
491,514,501,521,0,0,0,0,
492,514,498,521,0,0,0,0,
494,514,499,521,0,0,0,0,
492,513,501,522,0,0,0,0,
494,514,499,525,0,0,0,0,
492,514,502,520,0,0,0,0,
492,514,502,523,0,0,0,0,
494,513,499,521,0,0,0,0,
492,514,502,525,0,0,0,0,
494,514,499,522,0,0,0,0,
492,514,500,520,0,0,0,0,
494,514,498,521,0,0,0,0,
492,514,498,522,0,0,0,0,
491,514,500,522,0,0,0,0,
492,514,500,520,0,0,0,0,
492,514,501,522,0,0,0,0,
492,514,500,521,0,0,0,0,
494,514,499,520,0,0,0,0,
492,514,500,520,0,0,0,0,
492,514,500,522,0,0,0,0,
492,514,498,523,0,0,0,0,
492,513,499,521,0,0,0,0,
492,514,500,521,0,0,0,0,
494,514,499,519,0,0,0,0,
492,514,501,520,0,0,0,0,
494,514,501,524,0,0,0,0,
492,514,500,518,0,0,0,0,
492,514,499,519,0,0,0,0,
492,514,501,523,0,0,0,0,
492,514,500,522,0,0,0,0,
492,514,502,522,0,0,0,0,
492,514,499,521,0,0,0,0,
492,514,499,522,0,0,0,0,
492,514,499,522,0,0,0,0,
492,514,501,522,0,0,0,0,
494,514,501,522,0,0,0,0,
492,514,500,521,0,0,0,0,
492,514,500,521,0,0,0,0,
491,514,498,522,0,0,0,0,
492,514,500,523,0,0,0,0,
494,514,499,525,0,0,0,0,
492,514,497,519,0,0,0,0,
494,514,501,523,0,0,0,0,
492,514,501,518,0,0,0,0,
492,514,500,523,0,0,0,0,
491,514,502,524,0,0,0,0,
492,514,500,520,0,0,0,0,
492,513,498,521,0,0,0,0,
494,514,501,523,0,0,0,0,
492,514,499,518,0,0,0,0,
492,513,499,523,0,0,0,0,
494,514,502,521,0,0,0,0,
492,514,500,524,0,0,0,0,
491,514,505,523,0,0,0,0,
492,513,501,522,0,0,0,0,
494,514,499,522,0,0,0,0,
492,514,499,518,0,0,0,0,
491,514,498,521,0,0,0,0,
494,514,501,522,0,0,0,0,
492,514,502,522,0,0,0,0,
492,514,502,519,0,0,0,0,
491,514,501,521,0,0,0,0,
492,513,499,519,0,0,0,0,
492,513,501,522,0,0,0,0,
492,514,500,522,0,0,0,0,
492,514,502,524,0,0,0,0,
492,514,498,521,0,0,0,0,
492,514,500,523,0,0,0,0,
494,514,502,520,0,0,0,0,
494,513,498,525,0,0,0,0,
494,514,498,526,0,0,0,0,
492,514,499,523,0,0,0,0,
492,514,502,525,0,0,0,0,
492,514,499,519,0,0,0,0,
492,514,500,524,0,0,0,0,
492,514,498,522,0,0,0,0,
492,514,500,520,0,0,0,0,
492,514,502,520,0,0,0,0,
492,514,500,523,0,0,0,0,
491,513,499,525,0,0,0,0,
494,514,502,521,0,0,0,0,
494,514,498,521,0,0,0,0,
494,514,497,520,0,0,0,0,
492,514,500,519,0,0,0,0,
494,514,500,517,0,0,0,0,
492,514,500,524,0,0,0,0,
492,514,499,519,0,0,0,0,
492,514,500,520,0,0,0,0,
494,514,502,523,0,0,0,0,
492,514,499,520,0,0,0,0,
492,514,499,522,0,0,0,0,
492,514,500,522,0,0,0,0,
492,514,500,522,0,0,0,0,
494,514,502,523,0,0,0,0,
492,514,501,523,0,0,0,0,
494,514,499,522,0,0,0,0,
492,514,501,521,0,0,0,0,
492,513,501,522,0,0,0,0,
494,514,499,521,0,0,0,0,
492,514,502,523,0,0,0,0,
492,513,500,520,0,0,0,0,
492,514,500,523,0,0,0,0,
492,513,501,522,0,0,0,0,
492,514,499,523,0,0,0,0,
492,514,500,521,0,0,0,0,
494,514,499,523,0,0,0,0,
495,514,500,522,0,0,0,0,
494,513,501,522,0,0,0,0,
491,514,500,519,0,0,0,0,
494,514,498,522,0,0,0,0,
492,514,499,522,0,0,0,0,
492,514,500,521,0,0,0,0,
495,514,500,521,0,0,0,0,
494,514,499,523,0,0,0,0,
491,514,501,524,0,0,0,0,
494,514,499,521,0,0,0,0,
492,514,501,521,0,0,0,0,
492,514,499,521,0,0,0,0,
492,514,500,521,0,0,0,0,
492,514,499,522,0,0,0,0,
494,514,500,521,0,0,0,0,
491,514,500,521,0,0,0,0,
492,514,502,521,0,0,0,0,
492,514,501,523,0,0,0,0,
492,514,498,522,0,0,0,0,
492,514,499,522,0,0,0,0,
492,514,501,521,0,0,0,0,
492,514,500,522,0,0,0,0,
492,514,500,520,0,0,0,0,
491,515,499,521,0,0,0,0,
492,514,502,522,0,0,0,0,
491,514,500,522,0,0,0,0,
492,514,499,521,0,0,0,0,
492,514,500,520,0,0,0,0,
494,514,500,522,0,0,0,0,
492,514,500,521,0,0,0,0,
492,514,499,521,0,0,0,0,
492,514,499,520,0,0,0,0,
492,514,498,523,0,0,0,0,
491,514,499,520,0,0,0,0,
492,514,501,521,0,0,0,0,
494,514,502,520,0,0,0,0,
492,513,499,523,0,0,0,0,
492,514,498,520,0,0,0,0,
494,514,501,521,0,0,0,0,
492,514,502,521,0,0,0,0,
492,514,499,523,0,0,0,0,
492,514,501,522,0,0,0,0,
494,514,499,522,0,0,0,0,
491,514,500,523,0,0,0,0,
492,514,498,521,0,0,0,0,
492,514,501,522,0,0,0,0,
492,514,501,521,0,0,0,0,
492,513,499,522,0,0,0,0,
494,514,500,520,0,0,0,0,
492,514,502,521,0,0,0,0,
494,514,501,521,0,0,0,0,
492,514,500,519,0,0,0,0,
492,514,501,523,0,0,0,0,
492,514,500,522,0,0,0,0,
494,514,500,519,0,0,0,0,
492,514,501,521,0,0,0,0,
492,514,498,522,0,0,0,0,
494,513,501,523,0,0,0,0,
492,514,501,522,0,0,0,0,
492,514,500,522,0,0,0,0,
494,514,499,521,0,0,0,0,
492,514,500,521,0,0,0,0,
492,514,501,521,0,0,0,0,
492,514,502,522,0,0,0,0,
492,514,500,520,0,0,0,0,
492,513,499,520,0,0,0,0,
492,513,500,522,0,0,0,0,
494,514,499,521,0,0,0,0,
492,514,502,520,0,0,0,0,
492,513,502,522,0,0,0,0,
492,514,501,523,0,0,0,0,
494,514,499,518,0,0,0,0,
492,514,499,521,0,0,0,0,
492,514,499,522,0,0,0,0,
492,514,499,520,0,0,0,0,
492,514,501,521,0,0,0,0,
492,514,499,521,0,0,0,0,
494,514,499,521,0,0,0,0,
494,514,499,522,0,0,0,0,
494,514,502,522,0,0,0,0,
492,514,501,522,0,0,0,0,
492,514,501,520,0,0,0,0,
492,513,499,521,0,0,0,0,
494,514,501,523,0,0,0,0,
492,514,502,523,0,0,0,0,
492,514,500,522,0,0,0,0,
494,514,501,523,0,0,0,0,
492,514,500,522,0,0,0,0,
492,514,502,521,0,0,0,0,
494,514,499,523,0,0,0,0,
492,514,501,521,0,0,0,0,
492,514,502,521,0,0,0,0,
491,514,499,520,0,0,0,0,
492,514,499,521,0,0,0,0,
494,514,501,521,0,0,0,0,
492,514,501,521,0,0,0,0,
491,514,500,521,0,0,0,0,
492,514,500,521,0,0,0,0,
492,514,500,521,0,0,0,0,
492,514,500,521,0,0,0,0,
494,514,501,522,0,0,0,0,
492,514,498,522,0,0,0,0,
494,514,498,522,0,0,0,0,
492,514,500,521,0,0,0,0,
492,514,501,522,0,0,0,0,
494,514,500,522,0,0,0,0,
492,514,499,523,0,0,0,0,
494,514,500,521,0,0,0,0,
492,514,499,521,0,0,0,0,
492,514,501,521,0,0,0,0,
492,514,500,523,0,0,0,0,
492,514,499,520,0,0,0,0,
491,514,501,521,0,0,0,0,
492,514,500,520,0,0,0,0,
492,514,501,522,0,0,0,0,
492,514,500,523,0,0,0,0,
492,514,502,522,0,0,0,0,
492,513,500,524,0,0,0,0,
492,514,500,521,0,0,0,0,
492,514,500,521,0,0,0,0,
494,514,498,520,0,0,0,0,
492,514,499,521,0,0,0,0,
492,514,499,523,0,0,0,0,
492,514,501,523,0,0,0,0,
494,514,501,521,0,0,0,0,
492,514,500,522,0,0,0,0,
492,514,500,523,0,0,0,0,
492,514,500,517,0,0,0,0,
491,514,500,522,0,0,0,0,
491,514,500,520,0,0,0,0,
492,514,502,520,0,0,0,0,
492,513,502,524,0,0,0,0,
492,514,498,522,0,0,0,0,
492,514,500,523,0,0,0,0,
492,514,502,521,0,0,0,0,
492,514,501,522,0,0,0,0,
492,514,500,521,0,0,0,0,
491,514,500,521,0,0,0,0,
492,514,502,522,0,0,0,0,
492,514,500,521,0,0,0,0,
492,514,501,522,0,0,0,0,
492,514,500,520,0,0,0,0,
492,514,500,523,0,0,0,0,
492,513,499,520,0,0,0,0,
494,514,500,516,0,0,0,0,
492,514,501,522,0,0,0,0,
492,513,501,523,0,0,0,0,
492,514,498,525,0,0,0,0,
491,514,501,522,0,0,0,0,
492,514,501,521,0,0,0,0,
492,514,500,520,0,0,0,0,
492,514,499,522,0,0,0,0,
492,514,500,524,0,0,0,0,
492,514,499,521,0,0,0,0,
492,513,501,520,0,0,0,0,
494,514,500,521,0,0,0,0,
492,514,497,521,0,0,0,0,
492,513,502,521,0,0,0,0,
492,514,498,520,0,0,0,0,
492,514,501,522,0,0,0,0,
492,514,500,520,0,0,0,0,
492,514,500,523,0,0,0,0,
492,514,498,522,0,0,0,0,
492,513,500,519,0,0,0,0,
494,514,499,521,0,0,0,0,
492,514,501,522,0,0,0,0,
492,514,500,522,0,0,0,0,
494,514,502,521,0,0,0,0,
492,514,501,522,0,0,0,0,
492,514,500,522,0,0,0,0,
494,514,500,523,0,0,0,0,
492,514,501,520,0,0,0,0,
492,514,500,525,0,0,0,0,
492,514,502,524,0,0,0,0,
492,513,501,520,0,0,0,0,
494,514,499,523,0,0,0,0,
492,514,499,519,0,0,0,0,
492,514,499,524,0,0,0,0,
491,514,499,520,0,0,0,0,
492,514,501,524,0,0,0,0,
494,514,501,520,0,0,0,0,
492,514,499,523,0,0,0,0,
492,513,500,524,0,0,0,0,
492,514,500,522,0,0,0,0,
490,514,501,521,0,0,0,0,
492,514,498,523,0,0,0,0,
494,514,499,522,0,0,0,0,
492,514,501,520,0,0,0,0,
494,514,499,520,0,0,0,0,
494,514,499,521,0,0,0,0,
494,513,498,521,0,0,0,0,
492,514,499,522,0,0,0,0,
491,514,501,523,0,0,0,0,
492,514,499,521,0,0,0,0,
492,514,501,522,0,0,0,0,
492,514,500,521,0,0,0,0,
492,514,501,522,0,0,0,0,
492,514,499,519,0,0,0,0,
492,514,499,520,0,0,0,0,
492,513,499,521,0,0,0,0,
492,514,500,521,0,0,0,0,
492,514,500,521,0,0,0,0,
492,514,499,521,0,0,0,0,
492,514,500,523,0,0,0,0,
492,514,499,523,0,0,0,0,
494,514,501,522,0,0,0,0,
492,514,499,521,0,0,0,0,
492,514,499,521,0,0,0,0,
492,514,500,521,0,0,0,0,
492,514,501,524,0,0,0,0,
492,514,499,521,0,0,0,0,
492,514,499,521,0,0,0,0,
491,514,500,523,0,0,0,0,
492,515,502,523,0,0,0,0,
491,514,500,522,0,0,0,0,
494,514,501,522,0,0,0,0,
492,514,500,521,0,0,0,0,
492,514,501,522,0,0,0,0,
491,514,502,523,0,0,0,0,
494,514,501,523,0,0,0,0,
492,514,501,522,0,0,0,0,
492,514,498,523,0,0,0,0,
492,514,497,521,0,0,0,0,
492,514,499,523,0,0,0,0,
494,514,501,521,0,0,0,0,
492,514,500,523,0,0,0,0,
492,514,499,521,0,0,0,0,
492,514,500,522,0,0,0,0,
494,513,500,522,0,0,0,0,
492,514,502,523,0,0,0,0,
492,514,502,521,0,0,0,0,
492,514,499,523,0,0,0,0,
492,514,500,521,0,0,0,0,
494,514,497,521,0,0,0,0,
492,514,498,521,0,0,0,0,
494,514,499,519,0,0,0,0,
491,514,500,522,0,0,0,0,
491,514,501,522,0,0,0,0,
494,514,500,523,0,0,0,0,
492,514,499,521,0,0,0,0,
492,513,500,521,0,0,0,0,
494,514,499,522,0,0,0,0,
492,514,499,521,0,0,0,0,
492,514,500,522,0,0,0,0,
494,514,500,521,0,0,0,0,
491,514,500,522,0,0,0,0,
494,514,499,522,0,0,0,0,
492,514,500,521,0,0,0,0,
492,514,501,523,0,0,0,0,
492,514,501,520,0,0,0,0,
492,514,498,521,0,0,0,0,
492,514,500,521,0,0,0,0,
492,514,502,521,0,0,0,0,
492,514,501,522,0,0,0,0,
492,514,499,522,0,0,0,0,
492,514,497,522,0,0,0,0,
494,514,501,522,0,0,0,0,
492,514,502,521,0,0,0,0,
492,514,501,522,0,0,0,0,
492,514,501,520,0,0,0,0,
494,514,498,519,0,0,0,0,
494,513,501,522,0,0,0,0,
491,514,499,522,0,0,0,0,
494,514,500,522,0,0,0,0,
492,514,499,522,0,0,0,0,
492,514,499,523,0,0,0,0,
492,514,497,523,0,0,0,0,
492,514,499,523,0,0,0,0,
492,514,498,524,0,0,0,0,
492,514,500,520,0,0,0,0,
494,514,499,519,0,0,0,0,
492,514,502,522,0,0,0,0,
492,514,499,520,0,0,0,0,
492,514,499,521,0,0,0,0,
492,514,499,522,0,0,0,0,
492,514,499,521,0,0,0,0,
492,514,500,520,0,0,0,0,
492,514,501,522,0,0,0,0,
492,514,500,522,0,0,0,0,
492,514,499,521,0,0,0,0,
492,514,498,522,0,0,0,0,
492,514,499,521,0,0,0,0,
492,514,500,521,0,0,0,0,
492,514,501,521,0,0,0,0,
492,514,499,521,0,0,0,0,
492,514,500,522,0,0,0,0,
491,514,499,522,0,0,0,0,
494,514,501,521,0,0,0,0,
492,514,499,522,0,0,0,0,
492,513,500,521,0,0,0,0,
492,514,500,522,0,0,0,0,
492,514,500,522,0,0,0,0,
492,514,500,518,0,0,0,0,
492,514,498,523,0,0,0,0,
491,514,501,522,0,0,0,0,
492,514,499,522,0,0,0,0,
494,514,501,521,0,0,0,0,
494,513,501,520,0,0,0,0,
492,514,500,523,0,0,0,0,
494,514,500,520,0,0,0,0,
492,514,499,522,0,0,0,0,
494,514,500,521,0,0,0,0,
492,514,502,521,0,0,0,0,
494,514,499,521,0,0,0,0,
492,514,501,521,0,0,0,0,
492,514,500,520,0,0,0,0,
492,514,500,522,0,0,0,0,
492,514,500,521,0,0,0,0,
492,514,498,522,0,0,0,0,
494,513,499,521,0,0,0,0,
492,514,502,523,0,0,0,0,
494,514,499,524,0,0,0,0,
494,514,500,519,0,0,0,0,
492,514,499,522,0,0,0,0,
494,514,501,523,0,0,0,0,
494,514,499,520,0,0,0,0,
492,514,500,522,0,0,0,0,
492,514,500,522,0,0,0,0,
492,513,500,524,0,0,0,0,
491,514,498,520,0,0,0,0,
492,514,499,524,0,0,0,0,
492,514,498,520,0,0,0,0,
492,514,500,521,0,0,0,0,
494,514,500,521,0,0,0,0,
492,514,501,521,0,0,0,0,
491,514,499,518,0,0,0,0,
492,514,498,523,0,0,0,0,
491,514,501,523,0,0,0,0,
492,513,500,523,0,0,0,0,
492,514,499,521,0,0,0,0,
491,514,503,522,0,0,0,0,
494,514,500,520,0,0,0,0,
492,514,500,518,0,0,0,0,
492,514,499,519,0,0,0,0,
494,514,500,521,0,0,0,0,
492,513,500,522,0,0,0,0,
494,514,499,523,0,0,0,0,
492,514,501,522,0,0,0,0,
494,514,496,519,0,0,0,0,
492,514,501,520,0,0,0,0,
492,514,499,522,0,0,0,0,
492,514,499,520,0,0,0,0,
492,514,500,523,0,0,0,0,
494,513,499,522,0,0,0,0,
492,514,500,520,0,0,0,0,
492,514,500,521,0,0,0,0,
494,514,501,521,0,0,0,0,
494,514,501,520,0,0,0,0,
492,514,500,520,0,0,0,0,
492,514,501,521,0,0,0,0,
494,514,502,519,0,0,0,0,
492,513,500,522,0,0,0,0,
494,514,501,522,0,0,0,0,
492,514,501,519,0,0,0,0,
492,514,500,522,0,0,0,0,
494,513,502,522,0,0,0,0,
494,514,502,523,0,0,0,0,
492,514,500,524,0,0,0,0,
492,514,500,523,0,0,0,0,
492,514,501,521,0,0,0,0,
492,514,500,519,0,0,0,0,
492,514,499,521,0,0,0,0,
492,514,501,518,0,0,0,0,
492,514,499,521,0,0,0,0,
492,514,499,521,0,0,0,0,
492,514,501,522,0,0,0,0,
492,514,501,521,0,0,0,0,
494,514,500,522,0,0,0,0,
492,514,500,519,0,0,0,0,
491,514,501,523,0,0,0,0,
492,514,501,521,0,0,0,0,
492,514,500,522,0,0,0,0,
492,514,500,521,0,0,0,0,
494,514,501,521,0,0,0,0,
494,514,500,521,0,0,0,0,
492,514,499,522,0,0,0,0,
491,514,499,522,0,0,0,0,
494,514,501,520,0,0,0,0,
494,514,499,522,0,0,0,0,
494,514,500,520,0,0,0,0,
494,514,502,522,0,0,0,0,
492,514,501,521,0,0,0,0,
494,514,502,521,0,0,0,0,
492,514,499,521,0,0,0,0,
492,514,501,521,0,0,0,0,
494,514,500,519,0,0,0,0,
492,514,499,520,0,0,0,0,
492,514,499,522,0,0,0,0,
492,514,499,520,0,0,0,0,
492,513,496,522,0,0,0,0,
492,513,500,522,0,0,0,0,
492,514,501,521,0,0,0,0,
492,514,498,521,0,0,0,0,
494,514,500,520,0,0,0,0,
491,514,499,519,0,0,0,0,
492,514,500,522,0,0,0,0,
492,514,500,522,0,0,0,0,
492,514,500,521,0,0,0,0,
492,514,500,519,0,0,0,0,
492,514,499,524,0,0,0,0,
492,514,501,521,0,0,0,0,
492,514,500,521,0,0,0,0,
494,514,501,521,0,0,0,0,
494,514,501,523,0,0,0,0,
491,514,500,520,0,0,0,0,
494,514,500,521,0,0,0,0,
492,513,499,521,0,0,0,0,
494,513,500,521,0,0,0,0,
492,513,500,520,0,0,0,0,
492,514,499,521,0,0,0,0,
492,514,498,524,0,0,0,0,
492,514,496,520,0,0,0,0,
492,514,501,522,0,0,0,0,
492,514,500,523,0,0,0,0,
492,514,501,524,0,0,0,0,
492,514,500,521,0,0,0,0,
492,513,499,522,0,0,0,0,
492,514,501,521,0,0,0,0,
492,513,502,522,0,0,0,0,
494,513,499,520,0,0,0,0,
492,514,499,522,0,0,0,0,
492,514,500,522,0,0,0,0,
494,514,501,522,0,0,0,0,
491,514,500,523,0,0,0,0,
492,513,502,522,0,0,0,0,
492,514,500,521,0,0,0,0,
494,514,501,524,0,0,0,0,
492,514,500,522,0,0,0,0,
494,514,501,520,0,0,0,0,
492,514,499,523,0,0,0,0,
492,513,501,522,0,0,0,0,
494,514,501,522,0,0,0,0,
492,514,499,522,0,0,0,0,
492,514,501,521,0,0,0,0,
492,513,500,522,0,0,0,0,
494,514,498,523,0,0,0,0,
492,514,499,524,0,0,0,0,
492,514,501,521,0,0,0,0,
492,514,500,522,0,0,0,0,
492,514,501,520,0,0,0,0,
492,514,499,521,0,0,0,0,
492,514,501,521,0,0,0,0,
492,514,500,522,0,0,0,0,
492,514,499,522,0,0,0,0,
492,513,501,523,0,0,0,0,
492,514,500,522,0,0,0,0,
494,514,501,521,0,0,0,0,
492,514,501,521,0,0,0,0,
492,514,500,521,0,0,0,0,
492,514,499,521,0,0,0,0,
492,514,500,522,0,0,0,0,
492,514,501,519,0,0,0,0,
494,514,499,523,0,0,0,0,
492,514,502,521,0,0,0,0,
494,513,500,521,0,0,0,0,
492,514,501,522,0,0,0,0,
492,514,500,521,0,0,0,0,
494,514,500,522,0,0,0,0,
492,514,500,520,0,0,0,0,
492,514,502,522,0,0,0,0,
494,513,498,522,0,0,0,0,
492,514,500,521,0,0,0,0,
492,513,499,520,0,0,0,0,
492,514,500,521,0,0,0,0,
492,514,499,521,0,0,0,0,
492,514,500,521,0,0,0,0,
494,514,501,523,0,0,0,0,
492,514,501,522,0,0,0,0,
492,514,500,521,0,0,0,0,
492,514,501,521,0,0,0,0,
492,513,500,523,0,0,0,0,
492,514,499,521,0,0,0,0,
492,514,499,521,0,0,0,0,
492,514,499,519,0,0,0,0,
492,514,501,521,0,0,0,0,
492,514,500,520,0,0,0,0,
494,514,499,522,0,0,0,0,
492,514,500,521,0,0,0,0,
492,514,500,521,0,0,0,0,
492,514,503,522,0,0,0,0,
494,514,499,521,0,0,0,0,
492,514,501,521,0,0,0,0,
492,514,499,520,0,0,0,0,
492,514,500,523,0,0,0,0,
492,514,502,519,0,0,0,0,
492,514,499,521,0,0,0,0,
492,514,500,522,0,0,0,0,
492,513,499,522,0,0,0,0,
492,514,500,521,0,0,0,0,
492,514,499,521,0,0,0,0,
492,513,501,522,0,0,0,0,
492,514,498,523,0,0,0,0,
492,514,499,520,0,0,0,0,
492,514,501,522,0,0,0,0,
492,514,500,521,0,0,0,0,
492,514,498,522,0,0,0,0,
492,514,501,521,0,0,0,0,
492,514,501,523,0,0,0,0,
492,514,501,521,0,0,0,0,
492,514,501,522,0,0,0,0,
494,514,502,522,0,0,0,0,
494,514,500,522,0,0,0,0,
492,514,499,520,0,0,0,0,
492,514,499,522,0,0,0,0,
491,514,501,520,0,0,0,0,
494,514,500,524,0,0,0,0,
494,514,500,522,0,0,0,0,
492,514,499,524,0,0,0,0,
492,514,500,522,0,0,0,0,
492,514,501,521,0,0,0,0,
492,514,500,522,0,0,0,0,
492,514,500,521,0,0,0,0,
492,514,502,522,0,0,0,0,
492,514,501,521,0,0,0,0,
492,514,501,521,0,0,0,0,
492,514,502,523,0,0,0,0,
492,514,499,523,0,0,0,0,
492,514,500,521,0,0,0,0,
491,514,499,521,0,0,0,0,
494,514,499,522,0,0,0,0,
492,513,499,521,0,0,0,0,
494,514,502,521,0,0,0,0,
492,514,501,521,0,0,0,0,
491,514,500,523,0,0,0,0,
492,514,499,521,0,0,0,0,
494,514,500,523,0,0,0,0,
491,514,501,520,0,0,0,0,
492,514,500,523,0,0,0,0,
492,514,501,524,0,0,0,0,
494,514,501,522,0,0,0,0,
491,514,500,521,0,0,0,0,
494,514,499,521,0,0,0,0,
492,513,499,521,0,0,0,0,
492,514,500,522,0,0,0,0,
494,514,500,521,0,0,0,0,
492,514,499,521,0,0,0,0,
492,514,500,522,0,0,0,0,
492,514,501,519,0,0,0,0,
494,514,500,521,0,0,0,0,
492,514,500,522,0,0,0,0,
494,514,501,523,0,0,0,0,
494,514,500,521,0,0,0,0,
492,514,499,520,0,0,0,0,
492,514,501,520,0,0,0,0,
492,514,500,523,0,0,0,0,
492,514,501,522,0,0,0,0,
492,514,499,522,0,0,0,0,
492,513,501,521,0,0,0,0,
492,514,502,519,0,0,0,0,
492,514,500,519,0,0,0,0,
492,514,500,521,0,0,0,0,
494,514,500,520,0,0,0,0,
492,514,501,521,0,0,0,0,
494,514,500,519,0,0,0,0,
492,514,499,521,0,0,0,0,
492,514,501,522,0,0,0,0,
492,514,500,523,0,0,0,0,
492,514,500,523,0,0,0,0,
492,514,501,521,0,0,0,0,
494,514,500,521,0,0,0,0,
492,514,500,521,0,0,0,0,
492,514,502,522,0,0,0,0,
492,514,499,521,0,0,0,0,
492,514,499,520,0,0,0,0,
492,514,498,520,0,0,0,0,
492,514,499,520,0,0,0,0,
492,513,501,522,0,0,0,0,
494,514,500,523,0,0,0,0,
492,514,501,521,0,0,0,0,
492,514,499,523,0,0,0,0,
494,514,501,521,0,0,0,0,
492,513,500,522,0,0,0,0,
492,514,499,522,0,0,0,0,
492,514,500,521,0,0,0,0,
492,514,497,522,0,0,0,0,
491,514,499,522,0,0,0,0,
494,514,500,521,0,0,0,0,
492,514,500,521,0,0,0,0,
492,514,500,521,0,0,0,0,
492,514,499,521,0,0,0,0,
492,514,500,521,0,0,0,0,
494,514,498,522,0,0,0,0,
494,514,499,521,0,0,0,0,
492,514,498,520,0,0,0,0,
492,514,498,520,0,0,0,0,
492,514,498,522,0,0,0,0,
492,514,500,520,0,0,0,0,
492,514,500,522,0,0,0,0,
492,514,500,519,0,0,0,0,
492,514,500,522,0,0,0,0,
492,514,499,522,0,0,0,0,
492,515,500,520,0,0,0,0,
492,514,500,520,0,0,0,0,
492,514,500,521,0,0,0,0,
492,514,501,522,0,0,0,0,
492,514,501,522,0,0,0,0,
494,514,500,521,0,0,0,0,
492,514,501,524,0,0,0,0,
492,514,499,520,0,0,0,0,
492,514,500,522,0,0,0,0,
492,514,500,523,0,0,0,0,
492,514,499,523,0,0,0,0,
494,514,500,523,0,0,0,0,
492,514,500,520,0,0,0,0,
492,514,502,522,0,0,0,0,
492,514,498,521,0,0,0,0,
492,513,502,519,0,0,0,0,
492,514,502,523,0,0,0,0,
492,514,500,520,0,0,0,0,
491,514,500,523,0,0,0,0,
494,514,500,520,0,0,0,0,
492,514,501,522,0,0,0,0,
494,514,499,522,0,0,0,0,
492,514,499,521,0,0,0,0,
494,514,501,524,0,0,0,0,
492,514,500,522,0,0,0,0,
492,514,500,520,0,0,0,0,
492,514,500,520,0,0,0,0,
492,514,499,522,0,0,0,0,
494,514,503,521,0,0,0,0,
492,514,500,521,0,0,0,0,
492,513,500,523,0,0,0,0,
494,514,500,523,0,0,0,0,
494,514,499,521,0,0,0,0,
492,514,501,521,0,0,0,0,
492,514,498,521,0,0,0,0,
494,514,501,523,0,0,0,0,
492,514,500,523,0,0,0,0,
492,514,500,522,0,0,0,0,
492,514,500,521,0,0,0,0,
494,513,499,519,0,0,0,0,
492,514,499,521,0,0,0,0,
492,514,499,523,0,0,0,0,
494,514,503,522,0,0,0,0,
494,514,501,522,0,0,0,0,
491,514,501,525,0,0,0,0,
492,514,498,522,0,0,0,0,
494,514,500,521,0,0,0,0,
492,514,501,522,0,0,0,0,
492,513,500,521,0,0,0,0,
492,514,500,522,0,0,0,0,
494,514,502,522,0,0,0,0,
494,514,500,520,0,0,0,0,
492,514,501,521,0,0,0,0,
492,514,500,521,0,0,0,0,
492,513,500,520,0,0,0,0,
492,514,500,523,0,0,0,0,
492,514,500,521,0,0,0,0,
492,514,501,522,0,0,0,0,
492,514,501,523,0,0,0,0,
492,514,498,521,0,0,0,0,
492,514,499,519,0,0,0,0,
494,514,500,521,0,0,0,0,
492,514,500,522,0,0,0,0,
494,514,500,521,0,0,0,0,
492,514,502,521,0,0,0,0,
492,514,501,520,0,0,0,0,
492,514,500,520,0,0,0,0,
492,514,500,521,0,0,0,0,
494,514,499,523,0,0,0,0,
492,514,501,520,0,0,0,0,
494,514,502,523,0,0,0,0,
491,514,499,523,0,0,0,0,
494,514,501,521,0,0,0,0,
492,514,499,520,0,0,0,0,
492,514,502,521,0,0,0,0,
491,514,499,522,0,0,0,0,
491,514,500,523,0,0,0,0,
494,513,501,521,0,0,0,0,
492,514,500,522,0,0,0,0,
494,514,500,521,0,0,0,0,
492,514,499,521,0,0,0,0,
492,514,498,519,0,0,0,0,
491,514,500,522,0,0,0,0,
492,514,499,521,0,0,0,0,
492,514,500,523,0,0,0,0,
492,514,500,520,0,0,0,0,
492,514,500,521,0,0,0,0,
492,514,499,521,0,0,0,0,
492,514,498,520,0,0,0,0,
491,514,499,521,0,0,0,0,
494,514,499,521,0,0,0,0,
492,514,500,522,0,0,0,0,
492,514,500,523,0,0,0,0,
492,513,498,522,0,0,0,0,
492,514,501,521,0,0,0,0,
492,514,497,521,0,0,0,0,
492,514,500,521,0,0,0,0,
492,514,498,521,0,0,0,0,
492,514,501,522,0,0,0,0,
494,514,500,519,0,0,0,0,
494,514,499,522,0,0,0,0,
491,514,498,522,0,0,0,0,
492,514,499,521,0,0,0,0,
492,513,499,523,0,0,0,0,
494,514,499,517,0,0,0,0,
492,514,500,522,0,0,0,0,
492,514,500,522,0,0,0,0,
492,515,500,522,0,0,0,0,
494,513,501,521,0,0,0,0,
494,514,499,520,0,0,0,0,
492,514,500,521,0,0,0,0,
492,513,501,523,0,0,0,0,
492,514,500,521,0,0,0,0,
494,513,501,522,0,0,0,0,
492,514,500,523,0,0,0,0,
492,514,500,524,0,0,0,0,
492,514,498,520,0,0,0,0,
492,514,499,524,0,0,0,0,
492,514,499,522,0,0,0,0,
492,514,500,522,0,0,0,0,
492,514,500,521,0,0,0,0,
492,514,500,520,0,0,0,0,
494,514,500,521,0,0,0,0,
492,514,499,521,0,0,0,0,
492,514,499,521,0,0,0,0,
492,514,498,521,0,0,0,0,
492,514,500,522,0,0,0,0,
494,514,499,522,0,0,0,0,
492,514,502,521,0,0,0,0,
492,514,500,521,0,0,0,0,
492,514,498,522,0,0,0,0,
492,514,499,521,0,0,0,0,
494,514,501,524,0,0,0,0,
492,514,502,521,0,0,0,0,
492,514,501,520,0,0,0,0,
492,514,500,523,0,0,0,0,
492,514,501,521,0,0,0,0,
492,514,500,522,0,0,0,0,
492,514,500,521,0,0,0,0,
492,514,500,523,0,0,0,0,
492,513,499,521,0,0,0,0,
494,514,500,522,0,0,0,0,
492,514,501,524,0,0,0,0,
492,514,500,521,0,0,0,0,
492,513,500,522,0,0,0,0,
492,514,500,521,0,0,0,0,
492,514,501,523,0,0,0,0,
492,514,501,522,0,0,0,0,
492,514,500,521,0,0,0,0,
492,514,500,522,0,0,0,0,
492,513,499,522,0,0,0,0,
492,513,501,522,0,0,0,0,
492,514,500,522,0,0,0,0,
491,514,500,522,0,0,0,0,
492,514,500,521,0,0,0,0,
494,514,499,520,0,0,0,0,
491,514,500,523,0,0,0,0,
492,513,500,520,0,0,0,0,
491,514,500,521,0,0,0,0,
494,514,500,521,0,0,0,0,
492,514,500,521,0,0,0,0,
492,514,500,520,0,0,0,0,
492,514,502,522,0,0,0,0,
492,514,502,522,0,0,0,0,
492,514,501,522,0,0,0,0,
494,514,500,521,0,0,0,0,
492,514,501,522,0,0,0,0,
494,513,500,522,0,0,0,0,
492,514,501,521,0,0,0,0,
492,514,500,521,0,0,0,0,
492,514,500,521,0,0,0,0,
492,514,502,523,0,0,0,0,
494,514,501,522,0,0,0,0,
492,514,498,521,0,0,0,0,
492,514,498,521,0,0,0,0,
492,514,500,519,0,0,0,0,
494,514,499,523,0,0,0,0,
492,514,502,522,0,0,0,0,
492,514,499,522,0,0,0,0,
494,514,500,521,0,0,0,0,
491,514,498,521,0,0,0,0,
492,514,500,521,0,0,0,0,
492,514,501,521,0,0,0,0,
494,514,498,521,0,0,0,0,
492,514,501,521,0,0,0,0,
494,514,499,521,0,0,0,0,
492,513,500,522,0,0,0,0,
492,514,500,521,0,0,0,0,
491,514,500,522,0,0,0,0,
492,514,500,522,0,0,0,0,
492,514,498,523,0,0,0,0,
492,514,499,520,0,0,0,0,
492,514,496,521,0,0,0,0,
492,514,499,521,0,0,0,0,
492,514,500,520,0,0,0,0,
492,514,500,522,0,0,0,0,
492,514,500,520,0,0,0,0,
491,514,498,521,0,0,0,0,
494,514,499,523,0,0,0,0,
492,514,501,521,0,0,0,0,
492,514,501,518,0,0,0,0,
492,514,500,521,0,0,0,0,
492,514,500,522,0,0,0,0,
492,514,499,520,0,0,0,0,
494,514,501,522,0,0,0,0,
492,514,500,521,0,0,0,0,
492,514,500,521,0,0,0,0,
491,514,499,521,0,0,0,0,
492,514,500,521,0,0,0,0,
492,514,499,522,0,0,0,0,
492,514,499,522,0,0,0,0,
492,513,501,520,0,0,0,0,
494,514,501,522,0,0,0,0,
492,513,499,522,0,0,0,0,
492,514,502,521,0,0,0,0,
492,514,499,523,0,0,0,0,
492,514,500,521,0,0,0,0,
492,514,498,522,0,0,0,0,
494,514,501,524,0,0,0,0,
492,514,500,523,0,0,0,0,
491,514,499,521,0,0,0,0,
491,514,499,521,0,0,0,0,
492,514,499,523,0,0,0,0,
492,514,499,520,0,0,0,0,
492,514,498,521,0,0,0,0,
494,514,501,521,0,0,0,0,
494,514,498,521,0,0,0,0,
492,514,500,522,0,0,0,0,
492,514,499,522,0,0,0,0,
492,514,501,523,0,0,0,0,
492,514,500,522,0,0,0,0,
492,514,499,522,0,0,0,0,
492,514,501,519,0,0,0,0,
492,514,501,520,0,0,0,0,
491,514,501,521,0,0,0,0,
494,514,501,520,0,0,0,0,
494,514,500,521,0,0,0,0,
491,514,499,522,0,0,0,0,
492,514,499,521,0,0,0,0,
492,514,499,520,0,0,0,0,
494,514,500,520,0,0,0,0,
492,514,502,521,0,0,0,0,
492,514,502,524,0,0,0,0,
492,514,499,524,0,0,0,0,
492,514,500,522,0,0,0,0,
494,514,500,520,0,0,0,0,
492,514,500,522,0,0,0,0,
492,513,500,522,0,0,0,0,
492,514,500,521,0,0,0,0,
492,514,499,523,0,0,0,0,
492,514,501,521,0,0,0,0,
492,514,499,523,0,0,0,0,
494,514,499,520,0,0,0,0,
492,514,500,522,0,0,0,0,
492,514,498,522,0,0,0,0,
492,514,497,521,0,0,0,0,
492,514,499,519,0,0,0,0,
492,514,500,520,0,0,0,0,
492,514,500,522,0,0,0,0,
494,514,502,521,0,0,0,0,
492,514,501,522,0,0,0,0,
492,514,501,522,0,0,0,0,
492,514,500,521,0,0,0,0,
492,513,500,522,0,0,0,0,
494,514,499,523,0,0,0,0,
491,514,500,521,0,0,0,0,
492,514,501,522,0,0,0,0,
492,515,501,521,0,0,0,0,
492,514,499,520,0,0,0,0,
492,514,499,520,0,0,0,0,
492,514,500,522,0,0,0,0,
492,514,499,522,0,0,0,0,
492,514,501,521,0,0,0,0,
492,513,500,521,0,0,0,0,
492,514,501,521,0,0,0,0,
492,514,498,521,0,0,0,0,
492,514,500,521,0,0,0,0,
492,514,500,521,0,0,0,0,
492,514,501,521,0,0,0,0,
492,514,499,521,0,0,0,0,
494,514,500,521,0,0,0,0,
492,513,498,521,0,0,0,0,
492,514,501,522,0,0,0,0,
494,514,501,522,0,0,0,0,
492,514,501,523,0,0,0,0,
494,514,499,522,0,0,0,0,
492,513,499,522,0,0,0,0,
492,514,498,523,0,0,0,0,
491,514,499,524,0,0,0,0,
494,514,499,520,0,0,0,0,
491,514,499,520,0,0,0,0,
492,514,500,520,0,0,0,0,
492,514,500,521,0,0,0,0,
492,514,501,522,0,0,0,0,
494,514,501,521,0,0,0,0,
492,514,500,522,0,0,0,0,
492,514,499,521,0,0,0,0,
492,514,501,522,0,0,0,0,
494,514,500,522,0,0,0,0,
492,514,500,523,0,0,0,0,
491,514,501,521,0,0,0,0,
492,514,499,521,0,0,0,0,
492,514,500,521,0,0,0,0,
492,514,501,522,0,0,0,0,
492,514,500,521,0,0,0,0,
492,514,501,523,0,0,0,0,
492,514,499,524,0,0,0,0,
494,514,500,522,0,0,0,0,
492,514,501,521,0,0,0,0,
492,514,501,522,0,0,0,0,
492,514,501,520,0,0,0,0,
492,514,502,522,0,0,0,0,
492,513,499,519,0,0,0,0,
494,514,499,521,0,0,0,0,
491,514,500,523,0,0,0,0,
492,514,500,521,0,0,0,0,
492,514,502,521,0,0,0,0,
492,514,501,523,0,0,0,0,
492,514,499,520,0,0,0,0,
492,514,500,519,0,0,0,0,
492,514,498,520,0,0,0,0,
492,514,499,521,0,0,0,0,
492,514,500,522,0,0,0,0,
492,514,502,521,0,0,0,0,
492,514,501,521,0,0,0,0,
492,514,500,521,0,0,0,0,
492,513,501,522,0,0,0,0,
492,514,501,521,0,0,0,0,
492,514,499,520,0,0,0,0,
494,514,500,522,0,0,0,0,
492,514,500,520,0,0,0,0,
492,514,500,521,0,0,0,0,
492,514,499,522,0,0,0,0,
492,514,500,522,0,0,0,0,
492,513,500,522,0,0,0,0,
492,514,498,520,0,0,0,0,
492,514,500,523,0,0,0,0,
492,514,499,521,0,0,0,0,
494,514,499,520,0,0,0,0,
492,513,498,521,0,0,0,0,
491,514,498,519,0,0,0,0,
494,513,500,520,0,0,0,0,
491,514,499,522,0,0,0,0,
492,514,500,522,0,0,0,0,
494,514,500,521,0,0,0,0,
492,514,500,521,0,0,0,0,
494,514,502,519,0,0,0,0,
492,514,501,521,0,0,0,0,
492,513,500,521,0,0,0,0,
492,514,500,522,0,0,0,0,
492,514,500,523,0,0,0,0,
492,514,500,519,0,0,0,0,
492,514,501,521,0,0,0,0,
492,514,499,520,0,0,0,0,
492,514,499,521,0,0,0,0,
494,514,498,521,0,0,0,0,
494,514,501,523,0,0,0,0,
492,514,498,522,0,0,0,0,
492,514,499,520,0,0,0,0,
492,514,500,523,0,0,0,0,
491,514,500,520,0,0,0,0,
492,514,500,523,0,0,0,0,
492,514,499,520,0,0,0,0,
492,514,500,519,0,0,0,0,
491,514,499,521,0,0,0,0,
490,514,498,521,0,0,0,0,
491,514,500,522,0,0,0,0,
491,514,500,524,0,0,0,0,
492,514,502,521,0,0,0,0,
492,514,499,520,0,0,0,0,
494,514,498,520,0,0,0,0,
492,514,500,522,0,0,0,0,
494,514,500,519,0,0,0,0,
492,514,502,523,0,0,0,0,
494,514,499,522,0,0,0,0,
494,514,500,521,0,0,0,0,
492,513,499,523,0,0,0,0,
494,514,500,520,0,0,0,0,
492,513,500,523,0,0,0,0,
491,514,499,521,0,0,0,0,
492,514,499,522,0,0,0,0,
492,514,500,522,0,0,0,0,
491,514,499,519,0,0,0,0,
491,514,500,521,0,0,0,0,
491,514,498,521,0,0,0,0,
492,514,500,520,0,0,0,0,
492,514,501,520,0,0,0,0,
494,513,501,521,0,0,0,0,
492,514,498,522,0,0,0,0,
492,514,501,522,0,0,0,0,
492,514,501,521,0,0,0,0,
492,514,500,522,0,0,0,0,
492,514,501,521,0,0,0,0,
491,514,500,523,0,0,0,0,
492,514,500,521,0,0,0,0,
494,514,502,521,0,0,0,0,
492,514,501,521,0,0,0,0,
494,514,501,520,0,0,0,0,
492,514,501,522,0,0,0,0,
494,514,500,521,0,0,0,0,
492,514,498,520,0,0,0,0,
492,514,500,524,0,0,0,0,
492,514,498,521,0,0,0,0,
492,514,501,521,0,0,0,0,
492,514,501,522,0,0,0,0,
491,514,500,520,0,0,0,0,
491,514,500,522,0,0,0,0,
492,514,498,520,0,0,0,0,
494,514,500,521,0,0,0,0,
492,514,502,523,0,0,0,0,
492,514,499,521,0,0,0,0,
492,514,500,521,0,0,0,0,
494,514,501,523,0,0,0,0,
491,514,502,521,0,0,0,0,
491,515,501,522,0,0,0,0,
492,513,499,521,0,0,0,0,
492,513,499,521,0,0,0,0,
492,513,502,522,0,0,0,0,
492,514,499,520,0,0,0,0,
494,514,500,522,0,0,0,0,
494,513,499,521,0,0,0,0,
494,514,501,521,0,0,0,0,
494,513,499,520,0,0,0,0,
492,514,501,522,0,0,0,0,
492,514,499,522,0,0,0,0,
492,514,500,521,0,0,0,0,
492,514,501,521,0,0,0,0,
494,514,499,520,0,0,0,0,
494,514,500,521,0,0,0,0,
495,514,501,523,0,0,0,0,
494,514,502,523,0,0,0,0,
494,514,500,521,0,0,0,0,
494,514,499,522,0,0,0,0,
494,514,502,520,0,0,0,0,
494,514,501,524,0,0,0,0,
494,514,500,524,0,0,0,0,
494,514,502,523,0,0,0,0,
494,513,501,520,0,0,0,0,
492,514,502,523,0,0,0,0,
494,514,499,522,0,0,0,0,
494,514,499,521,0,0,0,0,
492,514,501,521,0,0,0,0,
492,514,500,520,0,0,0,0,
492,514,500,520,0,0,0,0,
492,514,501,519,0,0,0,0,
492,514,501,521,0,0,0,0,
494,514,499,522,0,0,0,0,
492,514,501,521,0,0,0,0,
494,514,500,520,0,0,0,0,
492,514,499,519,0,0,0,0,
495,513,500,522,0,0,0,0,
494,514,499,520,0,0,0,0,
492,513,501,521,0,0,0,0,
494,514,500,521,0,0,0,0,
492,514,499,521,0,0,0,0,
492,514,499,523,0,0,0,0,
492,514,500,519,0,0,0,0,
492,514,501,522,0,0,0,0,
492,514,503,520,0,0,0,0,
494,514,500,521,0,0,0,0,
492,514,499,522,0,0,0,0,
494,513,500,520,0,0,0,0,
494,514,500,523,0,0,0,0,
492,514,499,522,0,0,0,0,
494,514,499,521,0,0,0,0,
492,514,500,521,0,0,0,0,
492,514,500,523,0,0,0,0,
492,514,500,521,0,0,0,0,
492,514,502,522,0,0,0,0,
492,514,501,522,0,0,0,0,
492,514,499,522,0,0,0,0,
492,514,500,521,0,0,0,0,
491,514,500,521,0,0,0,0,
494,514,500,522,0,0,0,0,
494,513,499,520,0,0,0,0,
492,514,500,522,0,0,0,0,
492,514,499,524,0,0,0,0,
492,514,500,521,0,0,0,0,
492,514,500,520,0,0,0,0,
492,514,502,522,0,0,0,0,
492,514,500,522,0,0,0,0,
494,514,499,521,0,0,0,0,
492,514,501,523,0,0,0,0,
492,514,499,523,0,0,0,0,
492,514,500,521,0,0,0,0,
494,514,499,519,0,0,0,0,
492,513,500,521,0,0,0,0,
492,514,501,521,0,0,0,0,
492,514,501,521,0,0,0,0,
492,514,500,523,0,0,0,0,
492,514,501,524,0,0,0,0,
492,514,502,521,0,0,0,0,
491,514,501,520,0,0,0,0,
492,514,499,520,0,0,0,0,
492,514,501,521,0,0,0,0,
492,514,499,522,0,0,0,0,
492,514,501,523,0,0,0,0,
492,514,498,520,0,0,0,0,
492,514,500,521,0,0,0,0,
495,514,501,521,0,0,0,0,
494,514,500,522,0,0,0,0,
492,513,501,522,0,0,0,0,
492,514,499,522,0,0,0,0,
492,514,500,520,0,0,0,0,
494,514,500,520,0,0,0,0,
491,514,501,520,0,0,0,0,
494,514,502,521,0,0,0,0,
492,513,499,520,0,0,0,0,
494,513,501,520,0,0,0,0,
492,514,500,520,0,0,0,0,
492,514,500,522,0,0,0,0,
491,514,500,520,0,0,0,0,
492,514,500,522,0,0,0,0,
492,514,502,522,0,0,0,0,
492,514,498,520,0,0,0,0,
492,514,500,522,0,0,0,0,
494,514,501,522,0,0,0,0,
494,514,499,521,0,0,0,0,
492,514,501,521,0,0,0,0,
492,513,501,523,0,0,0,0,
492,514,500,521,0,0,0,0,
492,514,500,520,0,0,0,0,
492,513,501,523,0,0,0,0,
494,514,499,522,0,0,0,0,
492,514,500,521,0,0,0,0,
492,514,499,523,0,0,0,0,
492,514,500,519,0,0,0,0,
494,514,498,521,0,0,0,0,
491,513,501,521,0,0,0,0,
494,514,500,520,0,0,0,0,
491,514,499,521,0,0,0,0,
492,514,499,520,0,0,0,0,
492,514,502,522,0,0,0,0,
492,514,500,521,0,0,0,0,
494,514,501,521,0,0,0,0,
492,514,498,525,0,0,0,0,
494,514,500,521,0,0,0,0,
491,514,501,522,0,0,0,0,
492,514,501,524,0,0,0,0,
494,514,502,522,0,0,0,0,
492,514,500,522,0,0,0,0,
492,514,502,521,0,0,0,0,
491,514,501,522,0,0,0,0,
492,514,500,522,0,0,0,0,
492,514,499,523,0,0,0,0,
491,514,500,519,0,0,0,0,
492,514,499,521,0,0,0,0,
492,513,501,522,0,0,0,0,
494,514,500,521,0,0,0,0,
494,514,500,522,0,0,0,0,
492,513,499,523,0,0,0,0,
494,514,500,521,0,0,0,0,
492,514,500,521,0,0,0,0,
491,513,500,525,0,0,0,0,
492,514,499,520,0,0,0,0,
492,514,500,520,0,0,0,0,
492,514,500,521,0,0,0,0,
492,514,501,521,0,0,0,0,
492,513,499,520,0,0,0,0,
494,514,498,519,0,0,0,0,
492,514,501,521,0,0,0,0,
492,513,501,521,0,0,0,0,
492,514,499,519,0,0,0,0,
492,514,502,520,0,0,0,0,
492,514,501,521,0,0,0,0,
492,514,501,519,0,0,0,0,
494,514,500,521,0,0,0,0,
492,514,499,520,0,0,0,0,
492,514,499,521,0,0,0,0,
492,514,501,521,0,0,0,0,
492,514,500,521,0,0,0,0,
492,514,499,523,0,0,0,0,
494,514,499,522,0,0,0,0,
494,514,499,520,0,0,0,0,
492,514,502,519,0,0,0,0,
492,514,502,522,0,0,0,0,
492,514,500,523,0,0,0,0,
492,514,499,520,0,0,0,0,
492,514,499,521,0,0,0,0,
492,515,501,521,0,0,0,0,
492,514,499,519,0,0,0,0,
494,514,501,522,0,0,0,0,
492,514,499,522,0,0,0,0,
492,514,501,522,0,0,0,0,
492,514,501,524,0,0,0,0,
492,514,499,521,0,0,0,0,
491,514,499,522,0,0,0,0,
492,514,499,521,0,0,0,0,
494,514,500,523,0,0,0,0,
492,514,502,521,0,0,0,0,
494,514,500,521,0,0,0,0,
492,514,499,521,0,0,0,0,
492,514,499,519,0,0,0,0,
492,514,501,524,0,0,0,0,
492,514,499,522,0,0,0,0,
492,514,498,522,0,0,0,0,
492,514,498,521,0,0,0,0,
492,514,498,522,0,0,0,0,
491,514,500,522,0,0,0,0,
494,513,500,521,0,0,0,0,
492,514,500,523,0,0,0,0,
494,514,498,520,0,0,0,0,
494,514,500,520,0,0,0,0,
492,514,500,523,0,0,0,0,
491,514,499,522,0,0,0,0,
492,514,500,522,0,0,0,0,
494,514,500,522,0,0,0,0,
491,513,503,520,0,0,0,0,
491,514,501,524,0,0,0,0,
494,514,500,521,0,0,0,0,
494,513,500,522,0,0,0,0,
492,513,502,521,0,0,0,0,
492,514,499,519,0,0,0,0,
492,514,501,521,0,0,0,0,
492,514,497,520,0,0,0,0,
492,514,499,519,0,0,0,0,
492,514,499,520,0,0,0,0,
492,514,499,522,0,0,0,0,
492,514,500,522,0,0,0,0,
492,514,500,521,0,0,0,0,
492,514,500,523,0,0,0,0,
492,514,500,521,0,0,0,0,
492,514,500,523,0,0,0,0,
491,514,501,522,0,0,0,0,
494,514,500,521,0,0,0,0,
491,514,500,524,0,0,0,0,
492,514,500,521,0,0,0,0,
492,514,500,520,0,0,0,0,
492,514,502,522,0,0,0,0,
492,514,501,520,0,0,0,0,
491,513,499,521,0,0,0,0,
494,515,500,523,0,0,0,0,
491,513,502,524,0,0,0,0,
492,515,501,524,0,0,0,0,
492,514,499,520,0,0,0,0,
492,513,501,523,0,0,0,0,
494,515,498,522,0,0,0,0,
492,513,501,520,0,0,0,0,
492,514,498,523,0,0,0,0,
494,514,499,521,0,0,0,0,
491,514,501,521,0,0,0,0,
492,514,500,522,0,0,0,0,
491,514,500,523,0,0,0,0,
494,514,499,522,0,0,0,0,
492,514,503,522,0,0,0,0,
492,513,500,522,0,0,0,0,
494,514,499,522,0,0,0,0,
492,514,501,522,0,0,0,0,
494,514,500,523,0,0,0,0,
492,514,499,521,0,0,0,0,
491,514,499,522,0,0,0,0,
492,514,496,524,0,0,0,0,
492,513,499,521,0,0,0,0,
492,514,499,521,0,0,0,0,
492,514,499,521,0,0,0,0,
494,514,500,521,0,0,0,0,
492,514,499,520,0,0,0,0,
492,514,499,523,0,0,0,0,
492,514,501,520,0,0,0,0,
492,513,499,522,0,0,0,0,
494,514,499,520,0,0,0,0,
492,514,499,521,0,0,0,0,
492,514,501,522,0,0,0,0,
492,514,500,521,0,0,0,0,
491,513,500,521,0,0,0,0,
495,515,497,523,0,0,0,0,
492,513,502,521,0,0,0,0,
492,514,499,519,0,0,0,0,
494,515,499,521,0,0,0,0,
492,514,501,521,0,0,0,0,
494,514,500,523,0,0,0,0,
492,514,501,523,0,0,0,0,
491,514,500,519,0,0,0,0,
492,514,499,521,0,0,0,0,
492,514,500,519,0,0,0,0,
492,514,499,523,0,0,0,0,
492,514,497,521,0,0,0,0,
491,514,500,522,0,0,0,0,
492,514,500,522,0,0,0,0,
494,514,500,520,0,0,0,0,
492,514,499,523,0,0,0,0,
491,514,499,522,0,0,0,0,
494,514,498,522,0,0,0,0,
492,514,501,521,0,0,0,0,
492,514,498,521,0,0,0,0,
492,514,500,522,0,0,0,0,
492,514,500,523,0,0,0,0,
492,514,498,522,0,0,0,0,
492,514,499,520,0,0,0,0,
495,514,502,522,0,0,0,0,
494,514,498,521,0,0,0,0,
492,514,499,522,0,0,0,0,
491,514,501,522,0,0,0,0,
492,514,500,523,0,0,0,0,
492,514,500,524,0,0,0,0,
492,514,500,521,0,0,0,0,
491,514,501,523,0,0,0,0,
492,514,499,521,0,0,0,0,
492,514,500,522,0,0,0,0,
492,514,501,520,0,0,0,0,
492,514,501,522,0,0,0,0,
494,514,500,522,0,0,0,0,
492,514,499,523,0,0,0,0,
492,514,501,522,0,0,0,0,
494,514,501,520,0,0,0,0,
492,514,498,521,0,0,0,0,
492,514,499,521,0,0,0,0,
492,514,500,523,0,0,0,0,
492,514,501,524,0,0,0,0,
492,513,499,521,0,0,0,0,
494,513,501,521,0,0,0,0,
494,514,501,522,0,0,0,0,
492,514,502,521,0,0,0,0,
492,514,501,523,0,0,0,0,
492,514,502,521,0,0,0,0,
492,514,501,522,0,0,0,0,
492,514,502,523,0,0,0,0,
492,514,501,523,0,0,0,0,
492,514,501,521,0,0,0,0,
492,513,500,522,0,0,0,0,
492,514,498,522,0,0,0,0,
491,514,499,520,0,0,0,0,
492,513,501,523,0,0,0,0,
494,514,500,519,0,0,0,0,
491,514,499,523,0,0,0,0,
491,514,500,521,0,0,0,0,
492,514,499,523,0,0,0,0,
492,514,500,521,0,0,0,0,
492,514,498,522,0,0,0,0,
494,514,499,523,0,0,0,0,
494,514,499,520,0,0,0,0,
492,514,504,522,0,0,0,0,
492,514,501,523,0,0,0,0,
494,514,501,521,0,0,0,0,
492,514,500,522,0,0,0,0,
492,514,500,521,0,0,0,0,
492,514,499,522,0,0,0,0,
492,513,498,518,0,0,0,0,
492,514,501,524,0,0,0,0,
492,514,501,520,0,0,0,0,
492,513,499,520,0,0,0,0,
492,514,499,520,0,0,0,0,
492,514,500,523,0,0,0,0,
492,514,500,520,0,0,0,0,
492,514,500,523,0,0,0,0,
494,514,500,523,0,0,0,0,
494,514,502,521,0,0,0,0,
492,513,500,521,0,0,0,0,
492,514,498,520,0,0,0,0,
494,514,500,522,0,0,0,0,
492,514,501,525,0,0,0,0,
492,514,500,521,0,0,0,0,
494,513,501,520,0,0,0,0,
492,514,498,523,0,0,0,0,
494,514,500,523,0,0,0,0,
492,514,503,521,0,0,0,0,
492,514,501,522,0,0,0,0,
492,514,500,523,0,0,0,0,
492,514,500,522,0,0,0,0,
494,514,500,521,0,0,0,0,
492,514,501,521,0,0,0,0,
492,514,500,522,0,0,0,0,
494,514,501,523,0,0,0,0,
492,514,501,522,0,0,0,0,
494,514,499,521,0,0,0,0,
492,514,499,520,0,0,0,0,
494,514,501,521,0,0,0,0,
492,514,500,521,0,0,0,0,
492,514,500,522,0,0,0,0,
492,514,501,523,0,0,0,0,
494,514,499,521,0,0,0,0,
494,514,500,522,0,0,0,0,
492,514,500,521,0,0,0,0,
492,514,501,521,0,0,0,0,
492,514,498,523,0,0,0,0,
492,514,500,522,0,0,0,0,
492,514,500,521,0,0,0,0,
492,514,500,522,0,0,0,0,
494,514,501,521,0,0,0,0,
495,513,498,521,0,0,0,0,
491,513,500,522,0,0,0,0,
492,515,502,522,0,0,0,0,
491,514,500,523,0,0,0,0,
492,515,501,522,0,0,0,0,
492,514,499,523,0,0,0,0,
494,513,502,520,0,0,0,0,
492,513,502,521,0,0,0,0,
492,514,500,521,0,0,0,0,
492,514,499,522,0,0,0,0,
492,514,498,522,0,0,0,0,
492,513,498,520,0,0,0,0,
494,513,501,521,0,0,0,0,
492,513,499,524,0,0,0,0,
492,514,498,519,0,0,0,0,
494,514,499,520,0,0,0,0,
494,513,501,518,0,0,0,0,
494,514,500,520,0,0,0,0,
492,514,499,521,0,0,0,0,
492,513,500,520,0,0,0,0,
492,514,501,521,0,0,0,0,
492,513,501,521,0,0,0,0,
492,514,499,522,0,0,0,0,
494,514,499,522,0,0,0,0,
491,514,500,520,0,0,0,0,
492,514,500,518,0,0,0,0,
494,513,501,522,0,0,0,0,
492,514,501,521,0,0,0,0,
494,513,501,523,0,0,0,0,
492,514,500,523,0,0,0,0,
492,514,500,519,0,0,0,0,
492,514,499,521,0,0,0,0,
492,513,501,522,0,0,0,0,
492,514,500,522,0,0,0,0,
492,514,497,521,0,0,0,0,
492,514,498,523,0,0,0,0,
492,514,500,522,0,0,0,0,
492,514,501,523,0,0,0,0,
492,514,500,523,0,0,0,0,
492,514,500,521,0,0,0,0,
492,514,499,520,0,0,0,0,
492,514,499,522,0,0,0,0,
494,514,500,522,0,0,0,0,
495,514,501,520,0,0,0,0,
492,513,501,523,0,0,0,0,
492,514,501,520,0,0,0,0,
492,513,499,522,0,0,0,0,
492,513,500,520,0,0,0,0,
492,514,498,523,0,0,0,0,
494,514,501,522,0,0,0,0,
492,514,499,520,0,0,0,0,
492,514,501,523,0,0,0,0,
492,513,502,520,0,0,0,0,
494,514,501,521,0,0,0,0,
494,514,500,519,0,0,0,0,
494,514,499,522,0,0,0,0,
494,514,496,522,0,0,0,0,
494,513,500,522,0,0,0,0,
492,514,500,522,0,0,0,0,
492,513,497,524,0,0,0,0,
494,514,500,523,0,0,0,0,
492,513,497,520,0,0,0,0,
492,514,499,520,0,0,0,0,
492,514,501,521,0,0,0,0,
492,513,497,521,0,0,0,0,
494,514,499,523,0,0,0,0,
492,514,499,522,0,0,0,0,
492,514,501,521,0,0,0,0,
492,513,499,519,0,0,0,0,
494,514,499,524,0,0,0,0,
494,514,498,519,0,0,0,0,
492,514,502,521,0,0,0,0,
492,514,500,523,0,0,0,0,
492,514,499,523,0,0,0,0,
492,514,499,523,0,0,0,0,
492,514,499,524,0,0,0,0,
494,514,500,522,0,0,0,0,
492,514,500,523,0,0,0,0,
494,514,501,523,0,0,0,0,
491,514,499,521,0,0,0,0,
494,514,500,521,0,0,0,0,
492,514,500,522,0,0,0,0,
492,514,502,524,0,0,0,0,
492,514,501,521,0,0,0,0,
492,514,500,522,0,0,0,0,
494,514,499,522,0,0,0,0,
492,514,499,521,0,0,0,0,
494,514,497,523,0,0,0,0,
494,514,501,522,0,0,0,0,
492,514,499,521,0,0,0,0,
492,513,499,519,0,0,0,0,
494,514,502,521,0,0,0,0,
492,513,501,520,0,0,0,0,
492,514,499,522,0,0,0,0,
492,513,501,523,0,0,0,0,
492,514,499,523,0,0,0,0,
494,514,499,522,0,0,0,0,
494,514,501,520,0,0,0,0,
494,514,498,521,0,0,0,0,
491,514,499,521,0,0,0,0,
492,514,499,520,0,0,0,0,
492,514,501,523,0,0,0,0,
492,514,502,521,0,0,0,0,
492,514,500,520,0,0,0,0,
494,514,499,522,0,0,0,0,
492,514,500,521,0,0,0,0,
492,513,499,520,0,0,0,0,
492,514,500,521,0,0,0,0,
492,514,499,520,0,0,0,0,
492,514,501,521,0,0,0,0,
492,514,498,522,0,0,0,0,
492,514,499,519,0,0,0,0,
492,514,497,522,0,0,0,0,
492,514,499,520,0,0,0,0,
494,514,501,521,0,0,0,0,
492,514,501,521,0,0,0,0,
492,514,499,523,0,0,0,0,
492,514,500,521,0,0,0,0,
494,514,499,521,0,0,0,0,
492,514,500,521,0,0,0,0,
492,514,501,522,0,0,0,0,
492,514,502,520,0,0,0,0,
494,514,502,522,0,0,0,0,
491,514,501,522,0,0,0,0,
494,514,499,522,0,0,0,0,
492,514,501,523,0,0,0,0,
491,514,502,521,0,0,0,0,
494,514,501,521,0,0,0,0,
492,514,499,523,0,0,0,0,
494,513,499,521,0,0,0,0,
492,514,501,523,0,0,0,0,
492,514,500,523,0,0,0,0,
492,514,501,524,0,0,0,0,
492,513,502,519,0,0,0,0,
494,514,498,521,0,0,0,0,
492,514,501,521,0,0,0,0,
492,513,500,523,0,0,0,0,
492,514,500,521,0,0,0,0,
492,514,500,522,0,0,0,0,
492,514,502,521,0,0,0,0,
492,514,500,518,0,0,0,0,
492,513,500,520,0,0,0,0,
492,514,501,524,0,0,0,0,
492,514,499,521,0,0,0,0,
492,514,500,522,0,0,0,0,
492,513,502,521,0,0,0,0,
492,514,500,521,0,0,0,0,
492,513,500,521,0,0,0,0,
494,514,498,520,0,0,0,0,
492,514,501,522,0,0,0,0,
492,514,499,524,0,0,0,0,
492,513,501,522,0,0,0,0,
494,514,501,522,0,0,0,0,
492,513,499,522,0,0,0,0,
494,514,499,523,0,0,0,0,
492,513,500,523,0,0,0,0,
492,514,500,523,0,0,0,0,
492,514,499,522,0,0,0,0,
494,514,501,524,0,0,0,0,
494,513,501,522,0,0,0,0,
494,514,502,522,0,0,0,0,
492,514,501,522,0,0,0,0,
494,514,499,520,0,0,0,0,
492,514,499,522,0,0,0,0,
492,514,499,524,0,0,0,0,
492,514,502,522,0,0,0,0,
494,514,500,521,0,0,0,0,
492,514,500,521,0,0,0,0,
492,514,500,523,0,0,0,0,
492,515,500,520,0,0,0,0,
492,514,499,522,0,0,0,0,
494,514,502,519,0,0,0,0,
492,514,499,522,0,0,0,0,
494,514,500,521,0,0,0,0,
492,514,500,521,0,0,0,0,
492,514,500,521,0,0,0,0,
494,514,500,520,0,0,0,0,
492,513,500,520,0,0,0,0,
492,514,500,522,0,0,0,0,
492,514,499,520,0,0,0,0,
492,514,497,524,0,0,0,0,
492,514,500,521,0,0,0,0,
494,514,498,519,0,0,0,0,
495,514,500,521,0,0,0,0,
492,513,500,523,0,0,0,0,
492,513,501,523,0,0,0,0,
492,515,500,521,0,0,0,0,
491,513,500,520,0,0,0,0,
492,515,500,521,0,0,0,0,
492,514,499,521,0,0,0,0,
492,514,501,521,0,0,0,0,
492,513,501,521,0,0,0,0,
492,514,498,521,0,0,0,0,
492,513,498,520,0,0,0,0,
494,514,500,523,0,0,0,0,
492,513,498,522,0,0,0,0,
494,514,500,523,0,0,0,0,
494,514,502,522,0,0,0,0,
492,514,502,522,0,0,0,0,
494,514,502,520,0,0,0,0,
492,514,501,522,0,0,0,0,
494,514,501,523,0,0,0,0,
494,514,501,523,0,0,0,0,
491,514,500,520,0,0,0,0,
494,514,500,524,0,0,0,0,
492,513,497,515,0,0,0,0,
494,515,492,520,0,0,0,0,
492,514,500,518,0,0,0,0,
491,513,499,523,0,0,0,0,
491,514,500,522,0,0,0,0,
492,515,496,521,0,0,0,0,
491,513,499,519,0,0,0,0,
491,513,500,521,0,0,0,0,
495,514,499,520,0,0,0,0,
492,513,498,523,0,0,0,0,
492,514,499,522,0,0,0,0,
492,514,500,520,0,0,0,0,
492,514,501,522,0,0,0,0,
492,514,500,521,0,0,0,0,
494,514,499,520,0,0,0,0,
494,514,502,523,0,0,0,0,
492,514,501,522,0,0,0,0,
492,514,503,523,0,0,0,0,
492,514,502,523,0,0,0,0,
494,514,501,523,0,0,0,0,
494,514,500,520,0,0,0,0,
494,514,500,522,0,0,0,0,
492,514,501,523,0,0,0,0,
494,514,502,525,0,0,0,0,
494,514,499,522,0,0,0,0,
492,513,502,521,0,0,0,0,
492,514,498,522,0,0,0,0,
494,514,496,522,0,0,0,0,
492,514,498,522,0,0,0,0,
492,513,498,520,0,0,0,0,
492,514,496,522,0,0,0,0,
492,513,497,521,0,0,0,0,
492,513,502,514,0,0,0,0,
491,512,501,524,0,0,0,0,
492,513,504,523,0,0,0,0,
495,515,500,523,0,0,0,0,
494,515,497,521,0,0,0,0,
492,513,502,522,0,0,0,0,
491,512,502,519,0,0,0,0,
495,514,501,523,0,0,0,0,
492,514,500,517,0,0,0,0,
492,514,500,522,0,0,0,0,
492,514,499,520,0,0,0,0,
492,515,499,522,0,0,0,0,
492,514,500,520,0,0,0,0,
492,514,502,521,0,0,0,0,
492,513,498,520,0,0,0,0,
492,514,501,522,0,0,0,0,
492,514,500,522,0,0,0,0,
492,514,499,525,0,0,0,0,
494,514,501,523,0,0,0,0,
492,513,501,524,0,0,0,0,
492,514,502,522,0,0,0,0,
492,513,500,523,0,0,0,0,
494,514,499,523,0,0,0,0,
492,514,501,522,0,0,0,0,
492,514,496,522,0,0,0,0,
491,514,502,520,0,0,0,0,
492,514,501,519,0,0,0,0,
492,514,498,521,0,0,0,0,
492,514,499,521,0,0,0,0,
494,514,499,521,0,0,0,0,
492,514,498,519,0,0,0,0,
492,514,500,520,0,0,0,0,
492,514,502,521,0,0,0,0,
492,514,499,521,0,0,0,0,
491,514,499,521,0,0,0,0,
492,514,501,520,0,0,0,0,
492,514,501,522,0,0,0,0,
492,514,501,523,0,0,0,0,
492,513,499,522,0,0,0,0,
494,514,502,524,0,0,0,0,
494,514,501,523,0,0,0,0,
492,514,501,523,0,0,0,0,
492,514,500,523,0,0,0,0,
492,514,501,520,0,0,0,0,
492,514,502,522,0,0,0,0,
494,514,500,522,0,0,0,0,
492,514,500,520,0,0,0,0,
492,514,501,521,0,0,0,0,
494,514,500,522,0,0,0,0,
491,513,499,521,0,0,0,0,
494,514,502,522,0,0,0,0,
492,514,498,522,0,0,0,0,
492,514,500,521,0,0,0,0,
492,514,500,523,0,0,0,0,
492,514,499,521,0,0,0,0,
492,513,499,524,0,0,0,0,
492,514,498,520,0,0,0,0,
492,514,499,520,0,0,0,0,
492,514,498,520,0,0,0,0,
492,514,498,521,0,0,0,0,
492,514,500,521,0,0,0,0,
492,514,500,521,0,0,0,0,
492,514,499,521,0,0,0,0,
492,513,499,520,0,0,0,0,
492,514,498,521,0,0,0,0,
492,513,501,520,0,0,0,0,
492,514,497,522,0,0,0,0,
492,513,500,523,0,0,0,0,
492,514,501,523,0,0,0,0,
492,513,500,523,0,0,0,0,
492,514,501,523,0,0,0,0,
492,514,501,521,0,0,0,0,
492,514,501,521,0,0,0,0,
492,514,501,521,0,0,0,0,
492,514,501,523,0,0,0,0,
492,513,502,524,0,0,0,0,
494,514,498,523,0,0,0,0,
494,514,501,521,0,0,0,0,
492,514,499,523,0,0,0,0,
494,514,499,521,0,0,0,0,
491,514,500,519,0,0,0,0,
492,514,502,520,0,0,0,0,
492,514,500,523,0,0,0,0,
492,514,501,521,0,0,0,0,
492,514,501,521,0,0,0,0,
492,514,502,523,0,0,0,0,
492,513,500,521,0,0,0,0,
491,514,500,520,0,0,0,0,
494,514,499,523,0,0,0,0,
492,514,501,521,0,0,0,0,
492,514,500,522,0,0,0,0,
492,514,499,522,0,0,0,0,
492,514,502,523,0,0,0,0,
492,514,501,522,0,0,0,0,
494,514,500,522,0,0,0,0,
492,514,499,522,0,0,0,0,
492,514,500,521,0,0,0,0,
492,514,499,524,0,0,0,0,
494,513,501,521,0,0,0,0,
492,514,500,523,0,0,0,0,
492,514,500,521,0,0,0,0,
492,513,500,522,0,0,0,0,
492,514,498,522,0,0,0,0,
492,514,500,521,0,0,0,0,
492,513,499,519,0,0,0,0,
492,514,500,525,0,0,0,0,
492,514,501,523,0,0,0,0,
494,514,501,523,0,0,0,0,
492,514,502,519,0,0,0,0,
494,514,499,522,0,0,0,0,
492,514,500,521,0,0,0,0,
492,514,499,521,0,0,0,0,
492,514,498,519,0,0,0,0,
492,514,499,521,0,0,0,0,
492,514,500,521,0,0,0,0,
492,514,500,521,0,0,0,0,
492,514,499,522,0,0,0,0,
492,514,498,522,0,0,0,0,
492,513,500,522,0,0,0,0,
492,513,499,521,0,0,0,0,
492,514,500,520,0,0,0,0,
492,514,499,522,0,0,0,0,
491,514,500,523,0,0,0,0,
492,514,501,521,0,0,0,0,
492,514,498,519,0,0,0,0,
492,514,500,520,0,0,0,0,
492,514,500,524,0,0,0,0,
492,513,500,520,0,0,0,0,
492,514,501,521,0,0,0,0,
492,514,500,521,0,0,0,0,
494,513,500,518,0,0,0,0,
494,514,498,521,0,0,0,0,
494,514,502,521,0,0,0,0,
492,514,500,522,0,0,0,0,
492,514,501,522,0,0,0,0,
492,513,500,519,0,0,0,0,
494,514,501,521,0,0,0,0,
491,514,499,521,0,0,0,0,
494,514,500,522,0,0,0,0,
492,514,499,521,0,0,0,0,
492,514,499,521,0,0,0,0,
492,514,501,523,0,0,0,0,
492,514,501,523,0,0,0,0,
494,514,501,523,0,0,0,0,
492,514,502,521,0,0,0,0,
492,514,499,520,0,0,0,0,
494,514,499,521,0,0,0,0,
492,514,499,520,0,0,0,0,
492,514,502,520,0,0,0,0,
492,514,500,520,0,0,0,0,
494,514,499,521,0,0,0,0,
494,514,500,520,0,0,0,0,
494,514,501,523,0,0,0,0,
491,514,500,522,0,0,0,0,
492,514,500,522,0,0,0,0,
492,514,501,521,0,0,0,0,
492,513,499,523,0,0,0,0,
492,514,501,522,0,0,0,0,
492,513,501,522,0,0,0,0,
492,513,501,522,0,0,0,0,
491,514,499,520,0,0,0,0,
492,514,500,523,0,0,0,0,
494,514,500,521,0,0,0,0,
492,514,501,521,0,0,0,0,
492,514,498,523,0,0,0,0,
492,514,499,520,0,0,0,0,
491,514,498,521,0,0,0,0,
494,513,500,519,0,0,0,0,
492,514,501,522,0,0,0,0,
492,514,502,522,0,0,0,0,
492,514,498,520,0,0,0,0,
492,514,499,522,0,0,0,0,
492,514,501,521,0,0,0,0,
494,514,499,523,0,0,0,0,
492,514,501,522,0,0,0,0,
492,514,498,522,0,0,0,0,
492,514,500,523,0,0,0,0,
494,514,500,520,0,0,0,0,
492,514,500,522,0,0,0,0,
492,514,499,520,0,0,0,0,
491,514,501,523,0,0,0,0,
492,514,499,522,0,0,0,0,
492,514,498,523,0,0,0,0,
491,514,499,518,0,0,0,0,
492,514,501,522,0,0,0,0,
492,514,498,521,0,0,0,0,
492,514,499,521,0,0,0,0,
494,514,502,523,0,0,0,0,
492,514,499,521,0,0,0,0,
492,514,501,521,0,0,0,0,
492,514,498,522,0,0,0,0,
492,514,498,522,0,0,0,0,
492,514,500,520,0,0,0,0,
492,514,499,521,0,0,0,0,
491,514,501,522,0,0,0,0,
492,513,499,523,0,0,0,0,
494,514,500,521,0,0,0,0,
492,514,500,523,0,0,0,0,
492,514,499,521,0,0,0,0,
492,514,500,520,0,0,0,0,
492,514,500,522,0,0,0,0,
492,514,500,520,0,0,0,0,
492,514,500,521,0,0,0,0,
494,514,499,521,0,0,0,0,
492,514,497,522,0,0,0,0,
492,514,501,522,0,0,0,0,
492,514,499,521,0,0,0,0,
494,513,499,521,0,0,0,0,
494,514,497,520,0,0,0,0,
492,514,501,521,0,0,0,0,
492,514,499,522,0,0,0,0,
491,513,499,522,0,0,0,0,
492,514,500,520,0,0,0,0,
492,513,499,521,0,0,0,0,
492,513,499,521,0,0,0,0,
492,514,499,521,0,0,0,0,
492,514,501,521,0,0,0,0,
492,514,499,521,0,0,0,0,
492,514,499,522,0,0,0,0,
492,514,501,522,0,0,0,0,
492,514,501,523,0,0,0,0,
494,514,500,522,0,0,0,0,
492,514,499,523,0,0,0,0,
492,514,500,521,0,0,0,0,
492,514,502,521,0,0,0,0,
492,514,499,522,0,0,0,0,
492,514,499,522,0,0,0,0,
492,514,499,520,0,0,0,0,
492,514,498,520,0,0,0,0,
491,514,499,521,0,0,0,0,
491,514,500,521,0,0,0,0,
492,514,499,521,0,0,0,0,
494,514,498,520,0,0,0,0,
492,513,500,520,0,0,0,0,
492,514,499,522,0,0,0,0,
492,514,500,522,0,0,0,0,
491,514,499,523,0,0,0,0,
492,513,500,522,0,0,0,0,
492,514,499,522,0,0,0,0,
492,514,502,522,0,0,0,0,
494,514,500,520,0,0,0,0,
492,513,501,522,0,0,0,0,
492,514,499,521,0,0,0,0,
492,514,501,521,0,0,0,0,
492,514,499,522,0,0,0,0,
494,514,501,519,0,0,0,0,
491,514,501,522,0,0,0,0,
492,514,502,522,0,0,0,0,
492,514,500,520,0,0,0,0,
492,514,498,522,0,0,0,0,
492,514,500,521,0,0,0,0,
492,514,500,523,0,0,0,0,
494,514,501,520,0,0,0,0,
492,514,501,523,0,0,0,0,
492,514,498,521,0,0,0,0,
492,514,498,520,0,0,0,0,
492,514,500,521,0,0,0,0,
494,514,498,523,0,0,0,0,
492,514,501,524,0,0,0,0,
492,513,498,523,0,0,0,0,
492,514,500,520,0,0,0,0,
491,514,501,522,0,0,0,0,
492,514,499,521,0,0,0,0,
492,514,499,521,0,0,0,0,
492,514,499,518,0,0,0,0,
492,514,500,521,0,0,0,0,
492,514,501,520,0,0,0,0,
492,514,499,521,0,0,0,0,
494,514,499,521,0,0,0,0,
492,514,498,522,0,0,0,0,
494,514,500,522,0,0,0,0,
492,514,500,522,0,0,0,0,
492,513,500,523,0,0,0,0,
494,514,500,521,0,0,0,0,
494,514,501,523,0,0,0,0,
492,514,501,522,0,0,0,0,
492,514,500,521,0,0,0,0,
492,514,501,520,0,0,0,0,
492,514,499,522,0,0,0,0,
492,514,501,519,0,0,0,0,
492,514,501,523,0,0,0,0,
492,514,499,524,0,0,0,0,
494,514,498,519,0,0,0,0,
492,514,501,523,0,0,0,0,
492,514,500,521,0,0,0,0,
491,514,500,518,0,0,0,0,
494,514,501,523,0,0,0,0,
492,513,498,522,0,0,0,0,
494,514,500,522,0,0,0,0,
492,514,500,520,0,0,0,0,
492,514,499,521,0,0,0,0,
492,514,499,522,0,0,0,0,
492,514,499,522,0,0,0,0,
492,514,500,521,0,0,0,0,
494,514,500,520,0,0,0,0,
492,513,501,521,0,0,0,0,
492,514,502,520,0,0,0,0,
492,514,500,523,0,0,0,0,
492,514,500,521,0,0,0,0,
492,514,501,522,0,0,0,0,
492,514,499,523,0,0,0,0,
492,514,497,522,0,0,0,0,
492,514,502,521,0,0,0,0,
492,514,499,521,0,0,0,0,
491,513,499,521,0,0,0,0,
492,514,501,522,0,0,0,0,
494,513,499,522,0,0,0,0,
492,514,501,522,0,0,0,0,
492,514,500,523,0,0,0,0,
492,514,500,522,0,0,0,0,
492,514,500,521,0,0,0,0,
492,514,499,522,0,0,0,0,
492,514,499,524,0,0,0,0,
492,513,499,523,0,0,0,0,
492,514,499,520,0,0,0,0,
492,514,499,521,0,0,0,0,
492,514,502,520,0,0,0,0,
492,514,498,519,0,0,0,0,
494,514,499,523,0,0,0,0,
492,514,499,520,0,0,0,0,
492,514,500,521,0,0,0,0,
492,514,500,524,0,0,0,0,
492,514,501,522,0,0,0,0,
492,514,502,521,0,0,0,0,
492,514,499,523,0,0,0,0,
492,514,499,520,0,0,0,0,
492,514,500,520,0,0,0,0,
492,514,500,520,0,0,0,0,
491,514,500,521,0,0,0,0,
492,514,498,521,0,0,0,0,
492,514,498,521,0,0,0,0,
492,514,501,523,0,0,0,0,
492,514,501,525,0,0,0,0,
492,514,501,523,0,0,0,0,
491,514,500,523,0,0,0,0,
494,514,500,521,0,0,0,0,
492,514,500,522,0,0,0,0,
492,514,500,521,0,0,0,0,
492,515,502,520,0,0,0,0,
492,513,499,522,0,0,0,0,
492,514,499,523,0,0,0,0,
492,514,501,522,0,0,0,0,
492,513,499,520,0,0,0,0,
492,514,500,521,0,0,0,0,
492,514,500,522,0,0,0,0,
492,514,498,518,0,0,0,0,
492,513,498,521,0,0,0,0,
494,514,501,522,0,0,0,0,
492,514,500,521,0,0,0,0,
494,514,500,521,0,0,0,0,
492,514,500,519,0,0,0,0,
494,514,500,521,0,0,0,0,
492,514,500,521,0,0,0,0,
492,514,499,520,0,0,0,0,
492,514,501,520,0,0,0,0,
494,514,501,521,0,0,0,0,
491,514,499,521,0,0,0,0,
492,514,498,520,0,0,0,0,
492,514,500,522,0,0,0,0,
494,514,498,521,0,0,0,0,
492,514,499,524,0,0,0,0,
492,514,500,520,0,0,0,0,
492,515,499,522,0,0,0,0,
494,513,501,522,0,0,0,0,
494,514,498,524,0,0,0,0,
492,514,499,522,0,0,0,0,
491,513,501,521,0,0,0,0,
495,514,498,521,0,0,0,0,
492,514,501,521,0,0,0,0,
492,513,499,521,0,0,0,0,
494,514,498,521,0,0,0,0,
492,514,500,520,0,0,0,0,
494,514,501,522,0,0,0,0,
491,514,498,523,0,0,0,0,
494,515,499,523,0,0,0,0,
491,514,501,526,0,0,0,0,
490,514,500,524,0,0,0,0,
494,514,500,521,0,0,0,0,
495,513,498,524,0,0,0,0,
491,514,501,521,0,0,0,0,
492,513,500,521,0,0,0,0,
494,514,500,522,0,0,0,0,
492,514,500,521,0,0,0,0,
494,514,498,521,0,0,0,0,
492,514,501,522,0,0,0,0,
492,513,499,520,0,0,0,0,
492,514,500,521,0,0,0,0,
494,514,501,525,0,0,0,0,
492,514,496,518,0,0,0,0,
492,514,499,522,0,0,0,0,
492,514,500,524,0,0,0,0,
492,514,502,520,0,0,0,0,
492,513,501,519,0,0,0,0,
494,514,500,522,0,0,0,0,
492,513,499,521,0,0,0,0,
494,514,500,523,0,0,0,0,
492,514,500,522,0,0,0,0,
492,514,502,522,0,0,0,0,
494,514,501,522,0,0,0,0,
492,514,501,523,0,0,0,0,
492,514,500,522,0,0,0,0,
492,514,501,523,0,0,0,0,
492,514,497,520,0,0,0,0,
492,514,497,521,0,0,0,0,
492,514,500,520,0,0,0,0,
492,514,500,521,0,0,0,0,
492,513,500,522,0,0,0,0,
492,514,501,518,0,0,0,0,
494,514,499,526,0,0,0,0,
492,514,500,519,0,0,0,0,
492,514,498,522,0,0,0,0,
492,514,500,522,0,0,0,0,
494,514,499,523,0,0,0,0,
492,514,500,522,0,0,0,0,
492,514,499,522,0,0,0,0,
494,514,501,524,0,0,0,0,
492,514,501,521,0,0,0,0,
492,513,501,521,0,0,0,0,
494,514,502,521,0,0,0,0,
492,514,498,518,0,0,0,0,
494,514,500,521,0,0,0,0,
491,514,501,519,0,0,0,0,
494,513,499,522,0,0,0,0,
492,514,499,521,0,0,0,0,
492,513,498,522,0,0,0,0,
494,514,499,519,0,0,0,0,
491,514,501,521,0,0,0,0,
494,514,501,523,0,0,0,0,
494,514,501,519,0,0,0,0,
492,514,498,522,0,0,0,0,
494,513,499,522,0,0,0,0,
491,514,499,522,0,0,0,0,
494,514,500,522,0,0,0,0,
492,514,498,521,0,0,0,0,
492,514,500,520,0,0,0,0,
492,514,500,523,0,0,0,0,
492,514,500,520,0,0,0,0,
492,514,500,522,0,0,0,0,
492,514,501,523,0,0,0,0,
492,514,501,521,0,0,0,0,
491,514,501,522,0,0,0,0,
494,514,499,521,0,0,0,0,
494,514,501,522,0,0,0,0,
492,514,500,521,0,0,0,0,
492,514,499,522,0,0,0,0,
492,514,498,520,0,0,0,0,
492,514,501,520,0,0,0,0,
492,513,501,523,0,0,0,0,
492,514,499,520,0,0,0,0,
492,513,499,524,0,0,0,0,
492,514,501,521,0,0,0,0,
494,513,500,522,0,0,0,0,
492,514,501,524,0,0,0,0,
492,514,500,521,0,0,0,0,
492,514,498,521,0,0,0,0,
492,514,501,522,0,0,0,0,
492,514,499,523,0,0,0,0,
492,514,500,522,0,0,0,0,
494,514,499,523,0,0,0,0,
492,514,501,521,0,0,0,0,
492,514,500,521,0,0,0,0,
492,514,500,522,0,0,0,0,
492,514,498,521,0,0,0,0,
492,514,500,522,0,0,0,0,
492,513,500,519,0,0,0,0,
492,514,500,522,0,0,0,0,
494,514,501,522,0,0,0,0,
494,513,500,522,0,0,0,0,
492,514,500,521,0,0,0,0,
492,514,500,521,0,0,0,0,
491,514,499,521,0,0,0,0,
494,514,502,521,0,0,0,0,
494,514,500,521,0,0,0,0,
492,514,502,522,0,0,0,0,
492,513,500,519,0,0,0,0,
492,514,501,522,0,0,0,0,
492,514,501,524,0,0,0,0,
492,514,499,520,0,0,0,0,
492,514,501,522,0,0,0,0,
492,514,499,520,0,0,0,0,
492,514,500,521,0,0,0,0,
494,514,501,522,0,0,0,0,
492,514,501,521,0,0,0,0,
492,514,501,521,0,0,0,0,
494,514,502,521,0,0,0,0,
492,514,500,521,0,0,0,0,
492,513,502,522,0,0,0,0,
492,514,500,522,0,0,0,0,
492,514,500,523,0,0,0,0,
492,514,502,523,0,0,0,0,
492,514,500,521,0,0,0,0,
492,514,499,522,0,0,0,0,
492,514,499,521,0,0,0,0,
491,514,499,521,0,0,0,0,
492,514,500,520,0,0,0,0,
492,513,501,520,0,0,0,0,
494,514,497,517,0,0,0,0,
492,514,502,522,0,0,0,0,
492,514,501,521,0,0,0,0,
492,514,500,523,0,0,0,0,
494,514,501,525,0,0,0,0,
494,514,501,522,0,0,0,0,
492,513,500,523,0,0,0,0,
492,514,501,522,0,0,0,0,
492,514,498,521,0,0,0,0,
492,514,501,521,0,0,0,0,
492,514,499,523,0,0,0,0,
492,514,501,520,0,0,0,0,
492,514,501,520,0,0,0,0,
492,514,501,520,0,0,0,0,
492,514,498,521,0,0,0,0,
492,514,498,520,0,0,0,0,
492,514,499,523,0,0,0,0,
492,514,498,520,0,0,0,0,
494,514,500,521,0,0,0,0,
492,514,500,522,0,0,0,0,
492,514,501,522,0,0,0,0,
494,514,499,522,0,0,0,0,
492,514,500,520,0,0,0,0,
494,514,500,521,0,0,0,0,
492,514,500,520,0,0,0,0,
492,514,497,519,0,0,0,0,
492,514,501,521,0,0,0,0,
492,513,500,520,0,0,0,0,
492,514,499,519,0,0,0,0,
492,514,500,521,0,0,0,0,
491,514,500,521,0,0,0,0,
492,514,499,521,0,0,0,0,
494,514,501,522,0,0,0,0,
492,514,501,521,0,0,0,0,
492,514,499,522,0,0,0,0,
492,514,501,522,0,0,0,0,
494,513,500,520,0,0,0,0,
494,514,500,520,0,0,0,0,
492,514,501,523,0,0,0,0,
492,514,500,521,0,0,0,0,
492,514,499,520,0,0,0,0,
492,513,500,523,0,0,0,0,
491,514,500,521,0,0,0,0,
494,513,501,521,0,0,0,0,
494,514,500,521,0,0,0,0,
492,514,499,522,0,0,0,0,
492,514,499,522,0,0,0,0,
492,514,500,521,0,0,0,0,
494,514,500,521,0,0,0,0,
494,514,502,520,0,0,0,0,
492,514,499,521,0,0,0,0,
492,514,502,522,0,0,0,0,
492,514,499,520,0,0,0,0,
492,514,502,520,0,0,0,0,
492,514,499,521,0,0,0,0,
492,514,501,522,0,0,0,0,
492,514,497,522,0,0,0,0,
492,514,500,523,0,0,0,0,
492,514,501,519,0,0,0,0,
492,514,501,522,0,0,0,0,
494,514,499,520,0,0,0,0,
492,513,501,522,0,0,0,0,
494,514,497,521,0,0,0,0,
492,514,501,522,0,0,0,0,
492,514,501,521,0,0,0,0,
492,514,500,521,0,0,0,0,
492,513,500,521,0,0,0,0,
492,514,499,523,0,0,0,0,
491,514,500,521,0,0,0,0,
491,513,500,521,0,0,0,0,
494,514,499,522,0,0,0,0,
492,513,500,522,0,0,0,0,
492,514,500,522,0,0,0,0,
492,514,500,524,0,0,0,0,
494,514,499,522,0,0,0,0,
491,514,500,524,0,0,0,0,
492,514,500,519,0,0,0,0,
492,514,500,522,0,0,0,0,
491,514,500,521,0,0,0,0,
494,514,500,521,0,0,0,0,
494,514,501,522,0,0,0,0,
494,513,500,523,0,0,0,0,
492,514,499,521,0,0,0,0,
492,514,499,523,0,0,0,0,
492,514,499,523,0,0,0,0,
492,514,500,523,0,0,0,0,
492,514,499,522,0,0,0,0,
492,514,500,522,0,0,0,0,
492,514,500,519,0,0,0,0,
492,514,501,523,0,0,0,0,
492,513,499,523,0,0,0,0,
492,514,500,524,0,0,0,0,
492,514,499,521,0,0,0,0,
492,514,498,521,0,0,0,0,
492,513,500,521,0,0,0,0,
494,514,501,524,0,0,0,0,
492,514,499,522,0,0,0,0,
494,514,500,518,0,0,0,0,
494,514,499,522,0,0,0,0,
492,514,502,521,0,0,0,0,
492,514,501,524,0,0,0,0,
492,514,499,520,0,0,0,0,
492,514,501,522,0,0,0,0,
492,514,499,522,0,0,0,0,
491,514,499,521,0,0,0,0,
494,514,501,523,0,0,0,0,
492,514,500,521,0,0,0,0,
491,513,500,520,0,0,0,0,
492,514,501,523,0,0,0,0,
492,514,500,519,0,0,0,0,
492,514,500,523,0,0,0,0,
492,514,499,520,0,0,0,0,
492,514,500,521,0,0,0,0,
492,514,500,522,0,0,0,0,
492,514,500,523,0,0,0,0,
494,514,499,520,0,0,0,0,
492,513,499,519,0,0,0,0,
492,514,499,520,0,0,0,0,
491,514,500,523,0,0,0,0,
492,514,500,522,0,0,0,0,
491,514,499,521,0,0,0,0,
492,514,501,521,0,0,0,0,
492,514,501,521,0,0,0,0,
492,513,499,522,0,0,0,0,
492,514,502,521,0,0,0,0,
492,514,499,521,0,0,0,0,
492,513,499,522,0,0,0,0,
492,514,500,520,0,0,0,0,
494,513,499,520,0,0,0,0,
494,514,499,523,0,0,0,0,
491,514,501,522,0,0,0,0,
492,514,501,523,0,0,0,0,
492,514,502,521,0,0,0,0,
492,513,499,519,0,0,0,0,
494,514,499,523,0,0,0,0,
492,513,501,521,0,0,0,0,
492,514,500,519,0,0,0,0,
492,514,500,520,0,0,0,0,
494,514,500,520,0,0,0,0,
491,514,500,521,0,0,0,0,
494,514,498,522,0,0,0,0,
492,514,500,523,0,0,0,0,
492,514,500,521,0,0,0,0,
492,514,500,521,0,0,0,0,
494,513,500,523,0,0,0,0,
492,514,498,519,0,0,0,0,
494,513,499,521,0,0,0,0,
492,514,500,522,0,0,0,0,
492,514,499,521,0,0,0,0,
492,513,500,521,0,0,0,0,
492,513,499,522,0,0,0,0,
491,514,498,523,0,0,0,0,
494,513,500,522,0,0,0,0,
492,514,499,522,0,0,0,0,
491,514,500,522,0,0,0,0,
492,514,499,521,0,0,0,0,
494,514,500,521,0,0,0,0,
491,514,501,523,0,0,0,0,
492,514,500,521,0,0,0,0,
492,514,499,520,0,0,0,0,
492,514,499,521,0,0,0,0,
492,514,500,521,0,0,0,0,
492,514,501,521,0,0,0,0,
492,514,498,523,0,0,0,0,
492,514,500,520,0,0,0,0,
492,514,498,522,0,0,0,0,
492,514,500,520,0,0,0,0,
492,514,499,520,0,0,0,0,
492,514,498,521,0,0,0,0,
492,514,501,521,0,0,0,0,
492,514,500,519,0,0,0,0,
492,514,499,522,0,0,0,0,
494,514,500,524,0,0,0,0,
492,514,499,521,0,0,0,0,
492,513,500,522,0,0,0,0,
492,514,500,523,0,0,0,0,
492,514,500,524,0,0,0,0,
494,514,497,521,0,0,0,0,
492,514,500,521,0,0,0,0,
492,514,502,520,0,0,0,0,
494,514,499,523,0,0,0,0,
492,514,499,521,0,0,0,0,
492,514,500,521,0,0,0,0,
494,514,502,521,0,0,0,0,
491,514,501,523,0,0,0,0,
492,514,501,523,0,0,0,0,
492,514,500,522,0,0,0,0,
492,514,501,521,0,0,0,0,
492,514,501,522,0,0,0,0,
492,514,500,521,0,0,0,0,
492,514,502,522,0,0,0,0,
492,514,498,522,0,0,0,0,
494,513,500,521,0,0,0,0,
491,514,499,521,0,0,0,0,
492,514,498,523,0,0,0,0,
492,514,500,521,0,0,0,0,
492,514,500,521,0,0,0,0,
492,514,499,523,0,0,0,0,
492,514,499,522,0,0,0,0,
492,514,499,521,0,0,0,0,
494,514,500,520,0,0,0,0,
492,513,502,522,0,0,0,0,
492,513,499,522,0,0,0,0,
492,514,499,519,0,0,0,0,
492,514,499,522,0,0,0,0,
492,513,501,521,0,0,0,0,
492,514,501,523,0,0,0,0,
494,514,498,521,0,0,0,0,
492,514,501,522,0,0,0,0,
492,514,500,520,0,0,0,0,
492,513,499,522,0,0,0,0,
492,513,500,520,0,0,0,0,
491,514,501,522,0,0,0,0,
492,514,497,521,0,0,0,0,
492,514,501,522,0,0,0,0,
492,514,499,521,0,0,0,0,
492,514,501,522,0,0,0,0,
494,514,498,523,0,0,0,0,
492,513,500,522,0,0,0,0,
494,514,499,521,0,0,0,0,
492,514,498,523,0,0,0,0,
492,514,500,523,0,0,0,0,
492,514,500,523,0,0,0,0,
492,514,499,520,0,0,0,0,
492,514,500,523,0,0,0,0,
492,514,499,521,0,0,0,0,
491,514,500,520,0,0,0,0,
492,514,501,520,0,0,0,0,
492,514,502,523,0,0,0,0,
492,514,500,521,0,0,0,0,
492,513,499,522,0,0,0,0,
494,514,500,518,0,0,0,0,
492,514,499,520,0,0,0,0,
494,514,499,522,0,0,0,0,
492,513,498,520,0,0,0,0,
494,514,499,521,0,0,0,0,
491,514,500,522,0,0,0,0,
492,514,501,521,0,0,0,0,
492,514,501,522,0,0,0,0,
492,514,498,521,0,0,0,0,
492,514,498,522,0,0,0,0,
492,514,500,523,0,0,0,0,
492,514,500,522,0,0,0,0,
491,514,498,520,0,0,0,0,
491,513,499,520,0,0,0,0,
492,514,500,523,0,0,0,0,
492,514,499,522,0,0,0,0,
492,514,501,523,0,0,0,0,
494,514,500,521,0,0,0,0,
492,514,499,522,0,0,0,0,
492,514,501,521,0,0,0,0,
492,514,498,521,0,0,0,0,
492,513,503,524,0,0,0,0,
494,514,499,523,0,0,0,0,
494,514,501,521,0,0,0,0,
494,514,501,524,0,0,0,0,
492,514,499,520,0,0,0,0,
492,513,499,522,0,0,0,0,
492,514,499,519,0,0,0,0,
494,514,500,520,0,0,0,0,
492,514,500,523,0,0,0,0,
492,513,499,525,0,0,0,0,
492,513,501,523,0,0,0,0,
492,513,500,521,0,0,0,0,
494,514,499,522,0,0,0,0,
492,514,499,523,0,0,0,0,
492,514,499,520,0,0,0,0,
492,514,500,520,0,0,0,0,
492,514,497,522,0,0,0,0,
492,514,501,521,0,0,0,0,
492,514,499,521,0,0,0,0,
492,514,499,522,0,0,0,0,
492,514,501,523,0,0,0,0,
492,514,501,522,0,0,0,0,
492,514,500,522,0,0,0,0,
494,514,498,520,0,0,0,0,
492,513,500,523,0,0,0,0,
494,514,501,522,0,0,0,0,
492,514,501,522,0,0,0,0,
492,514,499,521,0,0,0,0,
492,514,499,522,0,0,0,0,
492,514,500,523,0,0,0,0,
492,514,498,523,0,0,0,0,
492,514,499,520,0,0,0,0,
492,514,501,521,0,0,0,0,
492,513,498,525,0,0,0,0,
492,514,500,520,0,0,0,0,
494,514,500,522,0,0,0,0,
492,514,500,521,0,0,0,0,
494,514,500,522,0,0,0,0,
494,514,499,520,0,0,0,0,
492,514,501,521,0,0,0,0,
492,514,500,522,0,0,0,0,
492,514,500,523,0,0,0,0,
492,514,501,522,0,0,0,0,
492,514,499,520,0,0,0,0,
494,514,501,521,0,0,0,0,
492,514,501,522,0,0,0,0,
492,513,498,522,0,0,0,0,
494,514,500,522,0,0,0,0,
491,514,500,521,0,0,0,0,
494,514,500,522,0,0,0,0,
492,514,499,522,0,0,0,0,
494,514,500,522,0,0,0,0,
492,514,498,520,0,0,0,0,
492,514,499,521,0,0,0,0,
492,514,500,522,0,0,0,0,
492,514,500,521,0,0,0,0,
492,514,501,522,0,0,0,0,
492,514,499,521,0,0,0,0,
492,513,502,522,0,0,0,0,
494,514,500,522,0,0,0,0,
494,514,501,522,0,0,0,0,
492,514,500,522,0,0,0,0,
492,514,502,523,0,0,0,0,
494,514,502,522,0,0,0,0,
492,513,499,521,0,0,0,0,
494,514,502,523,0,0,0,0,
492,514,501,520,0,0,0,0,
492,514,498,519,0,0,0,0,
492,514,498,522,0,0,0,0,
492,514,501,523,0,0,0,0,
492,514,501,522,0,0,0,0,
494,514,499,522,0,0,0,0,
492,514,499,521,0,0,0,0,
492,514,501,522,0,0,0,0,
494,514,498,521,0,0,0,0,
492,514,499,523,0,0,0,0,
492,514,500,522,0,0,0,0,
492,513,500,523,0,0,0,0,
492,514,499,523,0,0,0,0,
492,514,501,521,0,0,0,0,
492,514,500,521,0,0,0,0,
491,514,499,521,0,0,0,0,
492,513,502,521,0,0,0,0,
494,514,499,523,0,0,0,0,
491,514,500,519,0,0,0,0,
492,514,498,521,0,0,0,0,
491,514,502,522,0,0,0,0,
492,514,500,522,0,0,0,0,
494,514,499,521,0,0,0,0,
492,514,502,522,0,0,0,0,
492,514,500,519,0,0,0,0,
492,514,501,523,0,0,0,0,
494,514,502,521,0,0,0,0,
494,514,499,521,0,0,0,0,
492,514,499,521,0,0,0,0,
492,514,498,521,0,0,0,0,
492,514,500,521,0,0,0,0,
492,514,502,521,0,0,0,0,
492,514,498,521,0,0,0,0,
492,514,500,521,0,0,0,0,
492,514,499,521,0,0,0,0,
492,514,499,522,0,0,0,0,
492,514,500,522,0,0,0,0,
492,514,499,520,0,0,0,0,
492,514,501,522,0,0,0,0,
489,513,500,521,0,0,0,0,
492,514,500,523,0,0,0,0,
491,513,502,523,0,0,0,0,
494,514,500,522,0,0,0,0,
491,514,501,521,0,0,0,0,
494,514,501,523,0,0,0,0,
492,514,500,521,0,0,0,0,
492,514,501,521,0,0,0,0,
492,514,499,522,0,0,0,0,
494,514,500,523,0,0,0,0,
494,514,500,521,0,0,0,0,
492,514,500,520,0,0,0,0,
494,514,501,522,0,0,0,0,
492,515,501,522,0,0,0,0,
492,514,499,522,0,0,0,0,
492,514,501,523,0,0,0,0,
492,514,501,522,0,0,0,0,
494,514,501,522,0,0,0,0,
492,514,500,521,0,0,0,0,
492,514,499,520,0,0,0,0,
492,514,500,522,0,0,0,0,
492,514,499,521,0,0,0,0,
492,513,501,520,0,0,0,0,
494,514,499,523,0,0,0,0,
492,514,501,521,0,0,0,0,
492,514,500,522,0,0,0,0,
492,514,500,521,0,0,0,0,
492,513,498,520,0,0,0,0,
492,514,499,520,0,0,0,0,
492,514,500,522,0,0,0,0,
491,514,500,522,0,0,0,0,
492,513,501,521,0,0,0,0,
492,514,501,522,0,0,0,0,
492,514,500,522,0,0,0,0,
492,514,499,521,0,0,0,0,
492,514,499,521,0,0,0,0,
494,514,498,522,0,0,0,0,
492,513,502,521,0,0,0,0,
492,514,498,521,0,0,0,0,
492,514,498,521,0,0,0,0,
492,514,499,521,0,0,0,0,
492,515,501,521,0,0,0,0,
492,514,501,522,0,0,0,0,
491,513,499,522,0,0,0,0,
494,514,500,522,0,0,0,0,
492,514,499,523,0,0,0,0,
494,513,499,520,0,0,0,0,
492,514,500,522,0,0,0,0,
492,514,501,523,0,0,0,0,
494,514,500,522,0,0,0,0,
492,513,499,522,0,0,0,0,
494,513,500,522,0,0,0,0,
492,514,499,521,0,0,0,0,
492,514,498,522,0,0,0,0,
492,514,500,523,0,0,0,0,
494,514,502,522,0,0,0,0,
492,514,501,523,0,0,0,0,
494,514,502,521,0,0,0,0,
494,514,499,520,0,0,0,0,
492,514,498,524,0,0,0,0,
491,514,500,522,0,0,0,0,
492,513,501,520,0,0,0,0,
492,514,500,521,0,0,0,0,
492,514,500,521,0,0,0,0,
494,514,501,524,0,0,0,0,
491,514,499,522,0,0,0,0,
492,514,501,522,0,0,0,0,
492,513,500,520,0,0,0,0,
494,514,499,521,0,0,0,0,
492,514,500,522,0,0,0,0,
492,514,502,521,0,0,0,0,
492,514,500,522,0,0,0,0,
491,514,501,520,0,0,0,0,
492,514,499,520,0,0,0,0,
492,514,502,524,0,0,0,0,
492,514,501,521,0,0,0,0,
492,514,501,522,0,0,0,0,
492,514,501,522,0,0,0,0,
492,514,499,523,0,0,0,0,
491,514,501,522,0,0,0,0,
494,514,500,520,0,0,0,0,
494,514,502,521,0,0,0,0,
492,514,496,521,0,0,0,0,
492,514,500,521,0,0,0,0,
491,514,501,523,0,0,0,0,
494,514,501,520,0,0,0,0,
492,514,500,523,0,0,0,0,
492,514,500,520,0,0,0,0,
492,514,500,520,0,0,0,0,
494,514,501,523,0,0,0,0,
492,514,501,522,0,0,0,0,
494,514,502,522,0,0,0,0,
491,514,499,521,0,0,0,0,
494,514,500,522,0,0,0,0,
492,514,500,521,0,0,0,0,
492,513,501,522,0,0,0,0,
492,514,499,521,0,0,0,0,
492,514,502,523,0,0,0,0,
494,514,502,520,0,0,0,0,
492,514,498,522,0,0,0,0,
494,514,500,521,0,0,0,0,
494,514,499,520,0,0,0,0,
492,514,499,523,0,0,0,0,
492,514,500,521,0,0,0,0,
494,514,498,521,0,0,0,0,
494,514,499,521,0,0,0,0,
492,514,499,521,0,0,0,0,
494,514,500,518,0,0,0,0,
491,514,499,525,0,0,0,0,
492,513,500,522,0,0,0,0,
492,514,501,521,0,0,0,0,
492,514,500,521,0,0,0,0,
494,514,499,521,0,0,0,0,
492,514,500,520,0,0,0,0,
492,514,500,523,0,0,0,0,
492,514,501,521,0,0,0,0,
492,514,500,522,0,0,0,0,
492,514,501,522,0,0,0,0,
492,513,498,522,0,0,0,0,
492,514,499,522,0,0,0,0,
492,514,502,520,0,0,0,0,
492,514,499,522,0,0,0,0,
492,514,500,523,0,0,0,0,
492,514,500,521,0,0,0,0,
494,514,499,524,0,0,0,0,
492,514,500,522,0,0,0,0,
492,514,500,522,0,0,0,0,
492,514,501,523,0,0,0,0,
492,514,499,523,0,0,0,0,
492,514,499,521,0,0,0,0,
492,514,502,523,0,0,0,0,
492,514,500,522,0,0,0,0,
492,514,501,523,0,0,0,0,
494,514,500,521,0,0,0,0,
492,514,501,523,0,0,0,0,
492,514,501,521,0,0,0,0,
492,514,500,520,0,0,0,0,
492,514,499,521,0,0,0,0,
492,514,499,521,0,0,0,0,
492,514,501,523,0,0,0,0,
494,514,500,524,0,0,0,0,
492,514,497,522,0,0,0,0,
492,514,499,520,0,0,0,0,
492,514,499,519,0,0,0,0,
492,514,501,521,0,0,0,0,
492,514,499,521,0,0,0,0,
492,514,500,521,0,0,0,0,
492,514,500,523,0,0,0,0,
492,514,500,520,0,0,0,0,
492,514,499,521,0,0,0,0,
492,514,498,522,0,0,0,0,
492,514,499,520,0,0,0,0,
492,514,499,520,0,0,0,0,
492,514,499,521,0,0,0,0,
492,514,501,519,0,0,0,0,
492,514,501,521,0,0,0,0,
491,514,498,522,0,0,0,0,
492,514,501,523,0,0,0,0,
494,513,499,521,0,0,0,0,
491,514,499,519,0,0,0,0,
492,514,499,521,0,0,0,0,
491,513,502,523,0,0,0,0,
494,513,501,523,0,0,0,0,
492,514,500,520,0,0,0,0,
492,514,501,522,0,0,0,0,
494,514,500,521,0,0,0,0,
492,514,499,522,0,0,0,0,
492,514,501,523,0,0,0,0,
491,514,501,522,0,0,0,0,
492,514,501,523,0,0,0,0,
492,514,501,524,0,0,0,0,
492,514,501,521,0,0,0,0,
491,514,500,521,0,0,0,0,
492,514,499,523,0,0,0,0,
492,514,500,521,0,0,0,0,
492,514,501,523,0,0,0,0,
492,514,498,522,0,0,0,0,
492,514,500,520,0,0,0,0,
492,514,500,523,0,0,0,0,
492,514,501,519,0,0,0,0,
492,514,500,520,0,0,0,0,
492,514,499,521,0,0,0,0,
492,514,500,521,0,0,0,0,
492,513,498,521,0,0,0,0,
492,514,499,521,0,0,0,0,
494,514,499,524,0,0,0,0,
492,514,500,523,0,0,0,0,
492,513,501,520,0,0,0,0,
494,514,501,523,0,0,0,0,
491,514,500,522,0,0,0,0,
494,514,497,520,0,0,0,0,
491,514,498,523,0,0,0,0,
492,514,499,523,0,0,0,0,
491,514,497,521,0,0,0,0,
492,514,501,523,